,incident_key,distance,distance_score,horizon_score,radius_boost_score,event,event_score,frc,frc_score,delay,delay_score,ranking_score
5142,TTR37807738832001001,0.7921735743221896,0.9934,1.0,1.0,CLOSURE,1,FRC1,0.9,,1,0.9822352978000001
4519,TTR37830822260001001,3.216805124245723,0.97319,1.0,1.0,CLOSURE,1,FRC1,0.9,,1,0.97886695773
3465,TTR37804853160042002,1.7933324339100623,0.98506,1.0,1.0,CLOSURE,1,FRC2,0.8,,1,0.9641785950200001
106,TTR37804853216042002,2.0615348161928755,0.98282,1.0,1.0,CLOSURE,1,FRC2,0.8,,1,0.9638052609400001
5047,TTL37833707752001000,3.7879709673063524,0.96843,1.0,1.0,JAM_UNCONDITIONAL,0.9,FRC1,0.9,2657,1.0,0.9614069228100001
1854,TTR37787540816051001,2.362934965448297,0.98031,1.0,1.0,CLOSURE,1,FRC3,0.7,,1,0.94672022677
1728,TTR37819280360027000,2.997487867105846,0.97502,1.0,1.0,CLOSURE,1,FRC3,0.7,,1,0.9458385583400001
7144,TTR37813509724020000,2.13057557859443,0.98225,1.0,1.0,CLOSURE,1,FRC4,0.6,,1,0.93037686075
5989,TTR37813509652020000,2.1910350720136926,0.98174,1.0,1.0,CLOSURE,1,FRC4,0.6,,1,0.93029186058
7453,TTR37827936732020002,3.3560207730516525,0.97203,1.0,1.0,CLOSURE,1,FRC4,0.6,,1,0.92867352401
2577,TTL37807738788009003,0.35990766350206127,0.997,1.0,1.0,JAM_UNCONDITIONAL,0.9,FRC1,0.9,932,0.7,0.9161684990000001
5191,TTR37807738616021000,1.1835816603366764,0.99014,1.0,1.0,CLOSURE,1,FRC5,0.5,,1,0.9150251633800001
3839,TTR37807738688021000,1.284843090000052,0.98929,1.0,1.0,CLOSURE,1,FRC5,0.5,,1,0.9148834964300001
145,TTR37804853228013000,1.8382212846521684,0.98468,1.0,1.0,CLOSURE,1,FRC5,0.5,,1,0.9141151615600001
2684,TTR37781770080021000,3.7086881957041586,0.96909,1.0,1.0,CLOSURE,1,FRC5,0.5,,1,0.9115168230300001
2730,TTR37784655552021000,3.7150837758306205,0.96904,1.0,1.0,CLOSURE,1,FRC5,0.5,,1,0.9115084896800001
6397,TTR37778884628013000,3.732334371259794,0.9689,1.0,1.0,CLOSURE,1,FRC5,0.5,,1,0.9114851563
4491,TTR37781770080053001,3.7385346442256524,0.96885,1.0,1.0,CLOSURE,1,FRC5,0.5,,1,0.9114768229500001
3641,TTR37784655516037003,3.7385346442256524,0.96885,1.0,1.0,CLOSURE,1,FRC5,0.5,,1,0.9114768229500001
5353,TTR37784655624053001,3.8488993500810316,0.96793,1.0,1.0,CLOSURE,1,FRC5,0.5,,1,0.91132348931
1653,TTR37784655516005000,3.941228962199634,0.96716,1.0,1.0,CLOSURE,1,FRC5,0.5,,1,0.91119515572
4305,TTR37848134668240001,4.827026730147306,0.95977,1.0,0.5,CLOSURE,1,FRC0,1,,1,0.9099634865900001
4265,TTR37862561912040001,7.187460540867257,0.9401,1.0,0.5,CLOSURE,1,FRC0,1,,1,0.9066851467000001
5315,TTR37848134644240001,7.200422766894361,0.94,1.0,0.5,CLOSURE,1,FRC0,1,,1,0.90666848
5140,TTL37807738788009003_1,0.35990766350206127,0.997,1.0,1.0,JAM_CONDITIONAL,0.9,FRC1,0.9,813,0.6,0.899501799
5137,TTL37807738788009003_2,0.37057608307813755,0.99691,1.0,1.0,JAM_CONDITIONAL,0.9,FRC1,0.9,826,0.6,0.89948679897
5161,TTR37804853340014001,1.6597842023904985,0.98617,1.0,1.0,CLOSURE,1,FRC6,0.4,,1,0.89769679539
13,TTR37804853196006001,1.8382212846521684,0.98468,1.0,1.0,CLOSURE,1,FRC6,0.4,,1,0.89744846156
10,TTR37804853196006000,1.841077932469829,0.98466,1.0,1.0,CLOSURE,1,FRC6,0.4,,1,0.8974451282200001
3494,TTR37804853268006000,1.8429633533781635,0.98464,1.0,1.0,CLOSURE,1,FRC6,0.4,,1,0.8974417948800001
2024,TTR37796197228022000,1.8629539961050412,0.98448,1.0,1.0,CLOSURE,1,FRC6,0.4,,1,0.89741512816
1194,TTR37804853268014001,1.861922406503839,0.98448,1.0,1.0,CLOSURE,1,FRC6,0.4,,1,0.89741512816
6721,TTR37804853124006000,1.8915245050093712,0.98424,1.0,1.0,CLOSURE,1,FRC6,0.4,,1,0.8973751280800001
5379,TTR37807738912014000,1.912719098075998,0.98406,1.0,1.0,CLOSURE,1,FRC6,0.4,,1,0.8973451280200001
6718,TTR37804853124006001,1.9449198379262844,0.98379,1.0,1.0,CLOSURE,1,FRC6,0.4,,1,0.89730012793
5486,TTR37804853192006000,2.0005039067025088,0.98333,1.0,1.0,CLOSURE,1,FRC6,0.4,,1,0.8972234611100001
5428,TTR37801967824014003,2.3690724058788764,0.98026,1.0,1.0,CLOSURE,1,FRC6,0.4,,1,0.8967117934200001
2441,TTR37801967896014002,2.387233095340867,0.98011,1.0,1.0,CLOSURE,1,FRC6,0.4,,1,0.89668679337
6302,TTR37807738872014001,2.655962953804944,0.97787,1.0,1.0,CLOSURE,1,FRC6,0.4,,1,0.8963134592900001
2410,TTR37825051328014002,2.7273365224337036,0.97727,1.0,1.0,CLOSURE,1,FRC6,0.4,,1,0.89621345909
5147,TTR37801968000014001,2.7284250787007807,0.97726,1.0,1.0,CLOSURE,1,FRC6,0.4,,1,0.89621179242
1735,TTR37787540784022000,2.7762320416569843,0.97686,1.0,1.0,CLOSURE,1,FRC6,0.4,,1,0.89614512562
1946,TTR37825051256014002,2.795603582218044,0.9767,1.0,1.0,CLOSURE,1,FRC6,0.4,,1,0.8961184589000001
3177,TTR37807738912022000,2.874821202260999,0.97604,1.0,1.0,CLOSURE,1,FRC6,0.4,,1,0.89600845868
5160,TTR37784655240022000,2.883433379499574,0.97597,1.0,1.0,CLOSURE,1,FRC6,0.4,,1,0.89599679199
6410,TTR37790426352014000,2.934779246977564,0.97554,1.0,1.0,CLOSURE,1,FRC6,0.4,,1,0.89592512518
5937,TTR37790426424014000,2.9595286536384013,0.97534,1.0,1.0,CLOSURE,1,FRC6,0.4,,1,0.89589179178
3142,TTR37810624456022000,2.9599941619508177,0.97533,1.0,1.0,CLOSURE,1,FRC6,0.4,,1,0.8958901251100001
443,TTR37827936784006000,2.9617446622929435,0.97532,1.0,1.0,CLOSURE,1,FRC6,0.4,,1,0.8958884584400001
8731,TTR37827936852006000,2.982912851684543,0.97514,1.0,1.0,CLOSURE,1,FRC6,0.4,,1,0.8958584583800001
6930,TTR37827936768006000,3.131247387962439,0.97391,1.0,1.0,CLOSURE,1,FRC6,0.4,,1,0.8956534579700001
7154,TTR37827936840006000,3.150463930008479,0.97375,1.0,1.0,CLOSURE,1,FRC6,0.4,,1,0.8956267912500001
1556,TTR37807738676014001,3.3961364543368555,0.9717,1.0,1.0,CLOSURE,1,FRC6,0.4,,1,0.8952851239
8050,TTR37807738604014001,3.4652355628501104,0.97112,1.0,1.0,CLOSURE,1,FRC6,0.4,,1,0.89518845704
2909,TTR37773113632006000,3.534641405105111,0.97054,1.0,1.0,CLOSURE,1,FRC6,0.4,,1,0.8950917901800001
7398,TTR37781770044022001,3.605710075981754,0.96995,1.0,1.0,CLOSURE,1,FRC6,0.4,,1,0.8949934566500001
1480,TTR37784655480110000,3.6113332257990045,0.96991,1.0,1.0,CLOSURE,1,FRC6,0.4,,1,0.89498678997
248,TTR37773113632030000,3.6396289403423654,0.96967,1.0,1.0,CLOSURE,1,FRC6,0.4,,1,0.8949467898900001
2020,TTR37773113704006000,3.639114973205959,0.96967,1.0,1.0,CLOSURE,1,FRC6,0.4,,1,0.8949467898900001
674,TTR37784655516030001,3.681244527878377,0.96932,1.0,1.0,CLOSURE,1,FRC6,0.4,,1,0.89488845644
3003,TTR37784655372030001,3.7149282480892967,0.96904,1.0,1.0,CLOSURE,1,FRC6,0.4,,1,0.89484178968
3702,TTR37773113704030000,3.7462155067112834,0.96878,1.0,1.0,CLOSURE,1,FRC6,0.4,,1,0.8947984562600001
437,TTR37781770116022001,3.8014525735240436,0.96832,1.0,1.0,CLOSURE,1,FRC6,0.4,,1,0.89472178944
2123,TTR37781770116023000,3.8302014132088056,0.96808,1.0,1.0,CLOSURE,1,FRC6,0.4,,1,0.8946817893600001
6958,TTR37819280612022000,3.9572117075401585,0.96702,1.0,1.0,CLOSURE,1,FRC6,0.4,,1,0.89450512234
4736,TTR37819280700006001,3.990731126542961,0.96674,1.0,1.0,CLOSURE,1,FRC6,0.4,,1,0.89445845558
2950,TTR37784655588030002,3.992982005290471,0.96673,1.0,1.0,CLOSURE,1,FRC6,0.4,,1,0.89445678891
3248,TTR37761572128017000,5.133685747294136,0.95722,1.0,0.5,CLOSURE,1,FRC1,0.9,,1,0.8928717857399999
4111,TTR37724061296025000,9.227915751205902,0.9231,1.0,0.5,CLOSURE,1,FRC1,0.9,,1,0.8871851077000001
8535,TTR37724061296009000,9.416987258244,0.92153,1.0,0.5,CLOSURE,1,FRC1,0.9,,1,0.8869234405099999
528,TTR37724061220025000,9.475531066603809,0.92104,1.0,0.5,CLOSURE,1,FRC1,0.9,,1,0.8868417736800001
4283,TTL37807738796009001,0.5084230360966716,0.99576,1.0,1.0,JAM_UNCONDITIONAL,0.9,FRC1,0.9,692,0.5,0.8826284319200001
5134,TTR37807738808015000,0.6941612222681737,0.99422,1.0,1.0,CLOSURE,1,FRC7,0.3,,1,0.88237176474
1779,TTR37807738736015000,0.7231563672538665,0.99397,1.0,1.0,CLOSURE,1,FRC7,0.3,,1,0.8823300979900001
1478,TTR37796197072015000,1.14304533082052,0.99047,1.0,1.0,CLOSURE,1,FRC7,0.3,,1,0.88174676349
3689,TTR37796197000015000,1.267926937619798,0.98943,1.0,1.0,CLOSURE,1,FRC7,0.3,,1,0.8815734298100001
1834,TTR37793311752023000,1.6013515610583406,0.98666,1.0,1.0,CLOSURE,1,FRC7,0.3,,1,0.8811117622200001
1095,TTR37784655264023000,1.6900785272639445,0.98592,1.0,1.0,CLOSURE,1,FRC7,0.3,,1,0.88098842864
2338,TTR37801967828015004,2.0371710241022454,0.98302,1.0,1.0,CLOSURE,1,FRC7,0.3,,1,0.88050509434
7308,TTR37801967900015003,2.0666707466040632,0.98278,1.0,1.0,CLOSURE,1,FRC7,0.3,,1,0.8804650942600001
804,TTR37793311488007000,2.7645146607020767,0.97696,1.0,1.0,CLOSURE,1,FRC7,0.3,,1,0.8794950923200001
730,TTR37825051328015001,3.688103874171994,0.96927,1.0,1.0,CLOSURE,1,FRC7,0.3,,1,0.8782134230900001
3723,TTR37825051256015001,3.712104560691969,0.96907,1.0,1.0,CLOSURE,1,FRC7,0.3,,1,0.87818008969
6262,TTR37937583108025001,16.498697383378506,0.86251,1.0,0.5,CLOSURE,1,FRC1,0.9,,1,0.87708675417
5078,TTR37937583128033001,16.759812678739365,0.86033,1.0,0.5,CLOSURE,1,FRC1,0.9,,1,0.87672342011
1300,TTR37845249352010001,4.781937190732177,0.96015,1.0,0.5,CLOSURE,1,FRC2,0.8,,1,0.8766934200500001
4561,TTR37845249280010001,4.8421686048356145,0.95965,1.0,0.5,CLOSURE,1,FRC2,0.8,,1,0.8766100865500002
3802,TTL37833707676009003,5.9706428573105335,0.95024,1.0,0.5,JAM_UNCONDITIONAL,0.9,FRC1,0.9,2643,1.0,0.8750417500800001
3558,TTR37721176372042000,10.924455558516032,0.90896,1.0,0.5,CLOSURE,1,FRC2,0.8,,1,0.86816173632
4699,TTR37721176324018000,11.32795818008244,0.9056,1.0,0.5,CLOSURE,1,FRC2,0.8,,1,0.8676017352000001
830,TTL37781770152010043_1,3.3088206879380886,0.97243,1.0,1.0,JAM_CONDITIONAL,0.9,FRC1,0.9,541,0.4,0.86207339081
6253,TTR37926041400010000,16.462838384487544,0.86281,1.0,0.5,CLOSURE,1,FRC2,0.8,,1,0.8604700542700001
7694,TTR37926041420010000,16.466278634004002,0.86278,1.0,0.5,CLOSURE,1,FRC2,0.8,,1,0.8604650542600001
1430,TTR37926041356034001,16.61556608431119,0.86154,1.0,0.5,CLOSURE,1,FRC2,0.8,,1,0.86025838718
8241,TTR37833707672035002,4.7459610029471175,0.96045,1.0,0.5,CLOSURE,1,FRC3,0.7,,1,0.8600767201500001
6432,TTR37758685672058001,19.79946331007604,0.835,1.0,0.5,CLOSURE,1,FRC2,0.8,,1,0.8558350450000001
6702,TTR37758685600002000,19.849549285974213,0.83459,1.0,0.5,CLOSURE,1,FRC2,0.8,,1,0.8557667115300001
8772,TTU37741373640027000,8.425967350966596,0.92978,1.0,0.5,CLOSURE,1,FRC3,0.7,,1,0.85496504326
8264,TTL37830822304001005_2,3.327471659182496,0.97227,1.0,1.0,JAM_CONDITIONAL,0.9,FRC1,0.9,482,0.3,0.84538002409
1,TTL37663467832010000,16.172796322429488,0.86523,1.0,0.5,JAM_UNCONDITIONAL,0.9,FRC2,0.8,2347,1.0,0.8442066884100001
7834,TTL37663467832010000_2,16.41316479531592,0.86322,1.0,0.5,JAM_CONDITIONAL,0.9,FRC2,0.8,1707,1.0,0.8438716877400001
1481,TTR37825051216012000,4.677222624407405,0.96102,1.0,0.5,CLOSURE,1,FRC4,0.6,,1,0.8435050203400001
6542,TTR37825051144012000,4.715257930765898,0.96071,1.0,0.5,CLOSURE,1,FRC4,0.6,,1,0.84345335357
297,TTR37813509500028001,4.981416298809749,0.95849,1.0,0.5,CLOSURE,1,FRC4,0.6,,1,0.8430833528300001
5520,TTR37755801076092002,5.120023554067949,0.95733,1.0,0.5,CLOSURE,1,FRC4,0.6,,1,0.8428900191099999
8223,TTR37761572148012001,5.137724644920739,0.95719,1.0,0.5,CLOSURE,1,FRC4,0.6,,1,0.84286668573
961,TTR37793311264012002,5.627306532813782,0.95311,1.0,0.5,CLOSURE,1,FRC4,0.6,,1,0.8421866843700001
563,TTR37793311332012002,5.744864353651873,0.95213,1.0,0.5,CLOSURE,1,FRC4,0.6,,1,0.8420233507100001
6071,TTR37874102748027000,17.890249129205177,0.85091,1.0,0.5,CLOSURE,1,FRC3,0.7,,1,0.8418200169700001
1423,TTR37874102820027000,17.981159721037724,0.85016,1.0,0.5,CLOSURE,1,FRC3,0.7,,1,0.8416950167200001
502,TTR37830821832020000,6.216799030793443,0.94819,1.0,0.5,CLOSURE,1,FRC4,0.6,,1,0.8413666827299999
422,TTR37862561876012000,7.094788163108893,0.94088,1.0,0.5,CLOSURE,1,FRC4,0.6,,1,0.84014834696
5251,TTR37862561868004000,7.176053882854818,0.9402,1.0,0.5,CLOSURE,1,FRC4,0.6,,1,0.8400350134000001
1206,TTR37862561936012001,7.190610065789142,0.94008,1.0,0.5,CLOSURE,1,FRC4,0.6,,1,0.84001501336
1202,TTR37862561936012000,7.31797253689219,0.93902,1.0,0.5,CLOSURE,1,FRC4,0.6,,1,0.8398383463400001
8869,TTU37856791776011000,19.888065861730002,0.83427,1.0,0.5,CLOSURE,1,FRC3,0.7,,1,0.8390466780900001
9143,TTU37859677320011000,19.967586925548336,0.8336,1.0,0.5,CLOSURE,1,FRC3,0.7,,1,0.8389350112
4746,TTR37882760056020000,10.246635520232312,0.91461,1.0,0.5,CLOSURE,1,FRC4,0.6,,1,0.8357700048700001
2157,TTR37888530428020000,12.20492965732093,0.89829,1.0,0.5,CLOSURE,1,FRC4,0.6,,1,0.83304999943
5168,TTR37856790532028000,12.273788470373974,0.89772,1.0,0.5,CLOSURE,1,FRC4,0.6,,1,0.83295499924
5676,TTR37888530356020001,12.380149343103549,0.89683,1.0,0.5,CLOSURE,1,FRC4,0.6,,1,0.8328066656099999
8737,TTR37856790460028000,12.517302803395728,0.89569,1.0,0.5,CLOSURE,1,FRC4,0.6,,1,0.83261666523
4066,TTR37902957792020000,12.984343007306885,0.8918,1.0,0.5,CLOSURE,1,FRC4,0.6,,1,0.8319683306000001
177,TTR37911614204052000,12.992252359967635,0.89173,1.0,0.5,CLOSURE,1,FRC4,0.6,,1,0.83195666391
5593,TTR37911614140100000,13.24472905767508,0.88963,1.0,0.5,CLOSURE,1,FRC4,0.6,,1,0.8316066632100001
527,TTR37917385100028000,13.913462022941427,0.88405,1.0,0.5,CLOSURE,1,FRC4,0.6,,1,0.8306766613500001
8363,TTL37796197152017006_3,1.9606011234657323,0.98366,1.0,1.0,JAM_CONDITIONAL,0.9,FRC1,0.9,379,0.2,0.83061166122
7332,TTR37917385172028000,14.35548076236809,0.88037,1.0,0.5,CLOSURE,1,FRC4,0.6,,1,0.83006332679
692,TTL37793311796009001,3.012792253303726,0.97489,1.0,1.0,JAM_UNCONDITIONAL,0.9,FRC1,0.9,300,0.2,0.82914999163
4049,TTL37822165860009023_2,3.167050265102574,0.97361,1.0,1.0,JAM_CONDITIONAL,0.9,FRC1,0.9,315,0.2,0.8289366578699999
5740,TTL37822165860009023,3.167050265102574,0.97361,1.0,1.0,JAM_UNCONDITIONAL,0.9,FRC1,0.9,359,0.2,0.8289366578699999
1756,TTL37822165788009026,3.2209755472736474,0.97316,1.0,1.0,JAM_UNCONDITIONAL,0.9,FRC1,0.9,386,0.2,0.82886165772
884,TTL37830822304001005,3.327471659182496,0.97227,1.0,1.0,JAM_UNCONDITIONAL,0.9,FRC1,0.9,324,0.2,0.82871332409
345,TTL37778884600018008,3.5267176272159686,0.97061,1.0,1.0,JAM_UNCONDITIONAL,0.9,FRC2,0.8,472,0.3,0.82843665687
7830,TTL37778884600018008_2,3.5267176272159686,0.97061,1.0,1.0,JAM_CONDITIONAL,0.9,FRC2,0.8,506,0.3,0.82843665687
8202,TTL37819280444017031_1,3.607804916765936,0.96993,1.0,1.0,JAM_CONDITIONAL,0.9,FRC1,0.9,325,0.2,0.82832332331
5094,TTL37761572148009005,4.197503340877414,0.96502,1.0,0.5,JAM_UNCONDITIONAL,0.9,FRC1,0.9,1050,0.7,0.8275049883400001
551,TTR37686550480124000,16.385481054960415,0.86345,1.0,0.5,CLOSURE,1,FRC4,0.6,,1,0.8272433211500001
2658,TTR37706749376020000,16.520738464806897,0.86233,1.0,0.5,CLOSURE,1,FRC4,0.6,,1,0.82705665411
7931,TTR37706749448020000,16.60605607343089,0.86162,1.0,0.5,CLOSURE,1,FRC4,0.6,,1,0.82693832054
8123,TTL37839478480012018_2,4.838170801657911,0.95968,1.0,0.5,JAM_CONDITIONAL,0.9,FRC1,0.9,920,0.7,0.8266149865600001
5468,TTR37799082628013000,5.297527017697367,0.95585,1.0,0.5,CLOSURE,1,FRC5,0.5,,1,0.82597665195
6399,TTR37807739116013001,5.402339755120714,0.95498,1.0,0.5,CLOSURE,1,FRC5,0.5,,1,0.8258316516600002
6424,TTR37937582532028000,17.560732962285584,0.85366,1.0,0.5,CLOSURE,1,FRC4,0.6,,1,0.82561165122
6198,TTR37937582604020000,17.573824389616597,0.85355,1.0,0.5,CLOSURE,1,FRC4,0.6,,1,0.8255933178500001
7883,TTR37767342492045000,6.042187168338906,0.94965,1.0,0.5,CLOSURE,1,FRC5,0.5,,1,0.8249433165500002
6043,TTR37767342420045000,6.539973275591461,0.9455,1.0,0.5,CLOSURE,1,FRC5,0.5,,1,0.8242516485
3533,TTR37799082220013001,6.599992229168273,0.945,1.0,0.5,CLOSURE,1,FRC5,0.5,,1,0.8241683150000001
2276,TTR37649040348060000,18.642644318465308,0.84464,1.0,0.5,CLOSURE,1,FRC4,0.6,,1,0.8241083148800001
7547,TTR37649040564060000,19.169550339094446,0.84025,1.0,0.5,CLOSURE,1,FRC4,0.6,,1,0.8233766467500001
3453,TTR37813509328021000,7.692598307183275,0.9359,1.0,0.5,CLOSURE,1,FRC5,0.5,,1,0.8226516453000001
4252,TTR37813509256029000,7.884533100270873,0.9343,1.0,0.5,CLOSURE,1,FRC5,0.5,,1,0.8223849781000001
4810,TTR37801967400013002,8.216651310611802,0.93153,1.0,0.5,CLOSURE,1,FRC5,0.5,,1,0.8219233105100001
506,TTR37801967328013002,8.263236362548092,0.93114,1.0,0.5,CLOSURE,1,FRC5,0.5,,1,0.8218583103800001
1235,TTR37839478132005000,8.576737543498757,0.92853,1.0,0.5,CLOSURE,1,FRC5,0.5,,1,0.8214233095100001
7350,TTR37839478068029000,8.610052286093076,0.92825,1.0,0.5,CLOSURE,1,FRC5,0.5,,1,0.82137664275
4916,TTR37839478060029000,8.833621299132602,0.92639,1.0,0.5,CLOSURE,1,FRC5,0.5,,1,0.8210666421300001
6383,TTR37836592692021002,8.91162238726415,0.92574,1.0,0.5,CLOSURE,1,FRC5,0.5,,1,0.8209583085800001
2951,TTR37732717988053000,10.425113528854869,0.91312,1.0,0.5,CLOSURE,1,FRC5,0.5,,1,0.8188549710400002
3193,TTR37735603388069000,10.471508356303614,0.91274,1.0,0.5,CLOSURE,1,FRC5,0.5,,1,0.8187916375800002
5921,TTR37842363312045000,10.503738500176672,0.91247,1.0,0.5,CLOSURE,1,FRC5,0.5,,1,0.8187466374900001
2490,TTR37735603608013002,10.84574285790932,0.90962,1.0,0.5,CLOSURE,1,FRC5,0.5,,1,0.81827163654
7568,TTR37735603536013002,10.861152242365776,0.90949,1.0,0.5,CLOSURE,1,FRC5,0.5,,1,0.8182499698300001
1983,TTR37848134068037000,11.884384506330258,0.90096,1.0,0.5,CLOSURE,1,FRC5,0.5,,1,0.8168283003200001
6081,TTR37856790556037000,11.887666191029414,0.90094,1.0,0.5,CLOSURE,1,FRC5,0.5,,1,0.8168249669800001
4317,TTL37801967956009005,0.5786331974224513,0.99518,1.0,1.0,JAM_UNCONDITIONAL,0.9,FRC1,0.9,243,0.1,0.8158649650600001
2501,TTL37807738832011014_3,0.8120548611911198,0.99323,1.0,1.0,JAM_CONDITIONAL,0.9,FRC1,0.9,187,0.1,0.8155399644100001
5575,TTL37807738720033004_3,1.4263824747336404,0.98811,1.0,1.0,JAM_CONDITIONAL,0.9,FRC1,0.9,182,0.1,0.81468662937
1353,TTL37784655288033028,1.7002792733161352,0.98583,1.0,1.0,JAM_UNCONDITIONAL,0.9,FRC1,0.9,152,0.1,0.81430662861
7481,TTL37807738720033004,1.8596482676181372,0.9845,1.0,1.0,JAM_UNCONDITIONAL,0.9,FRC1,0.9,231,0.1,0.8140849615000001
8403,TTL37784655472009004_1,1.9403264327600402,0.98383,1.0,1.0,JAM_CONDITIONAL,0.9,FRC1,0.9,183,0.1,0.81397329461
2033,TTL37796197152017006,1.9606011234657323,0.98366,1.0,1.0,JAM_UNCONDITIONAL,0.9,FRC1,0.9,131,0.1,0.81394496122
909,TTR37894301844045001,13.979642584338743,0.8835,1.0,0.5,CLOSURE,1,FRC5,0.5,,1,0.8139182945000001
347,TTL37804853372009018,2.2352980273049528,0.98137,1.0,1.0,JAM_UNCONDITIONAL,0.9,FRC1,0.9,190,0.1,0.81356329379
537,TTL37825051356017006_1,2.8016005367935994,0.97665,1.0,1.0,JAM_CONDITIONAL,0.9,FRC1,0.9,257,0.1,0.8127766255500001
640,TTL37825051356017006,2.851505725784945,0.97624,1.0,1.0,JAM_UNCONDITIONAL,0.9,FRC1,0.9,205,0.1,0.8127082920800001
3371,TTL37778884564009003,3.0433550661352826,0.97464,1.0,1.0,JAM_UNCONDITIONAL,0.9,FRC1,0.9,122,0.1,0.81244162488
8013,TTL37822165824027011_1,3.1347676458917233,0.97388,1.0,1.0,JAM_CONDITIONAL,0.9,FRC1,0.9,82,0.1,0.8123149579600001
4048,TTL37822165860009023_1,3.167050265102574,0.97361,1.0,1.0,JAM_CONDITIONAL,0.9,FRC1,0.9,265,0.1,0.81226995787
4046,TTL37822165860009023_3,3.167050265102574,0.97361,1.0,1.0,JAM_CONDITIONAL,0.9,FRC1,0.9,272,0.1,0.81226995787
420,TTL37819280336017028,3.186230220443702,0.97345,1.0,1.0,JAM_UNCONDITIONAL,0.9,FRC1,0.9,126,0.1,0.81224329115
5738,TTR37914499116021002,15.240698552552418,0.87299,1.0,0.5,CLOSURE,1,FRC5,0.5,,1,0.8121666243300001
2039,TTR37914499044021002,15.256201633030289,0.87286,1.0,0.5,CLOSURE,1,FRC5,0.5,,1,0.8121449576200002
8201,TTL37819280444017031_2,3.3625555703701853,0.97198,1.0,1.0,JAM_CONDITIONAL,0.9,FRC1,0.9,138,0.1,0.8119982906600001
8266,TTL37830822304001005_1,3.3642272771455346,0.97196,1.0,1.0,JAM_CONDITIONAL,0.9,FRC1,0.9,176,0.1,0.81199495732
3566,TTL37807738640009004_1,3.4060575190065747,0.97162,1.0,1.0,JAM_CONDITIONAL,0.9,FRC1,0.9,235,0.1,0.8119382905400001
1069,TTL37822165896017021,3.601306654541252,0.96999,1.0,1.0,JAM_UNCONDITIONAL,0.9,FRC1,0.9,223,0.1,0.8116666233300001
3602,TTL37775998964019004_3,3.6029537706872232,0.96998,1.0,1.0,JAM_CONDITIONAL,0.9,FRC1,0.9,141,0.1,0.81166495666
4521,TTL37775998964019004,3.6029537706872232,0.96998,1.0,1.0,JAM_UNCONDITIONAL,0.9,FRC1,0.9,217,0.1,0.81166495666
3607,TTL37775998964019004_1,3.6029537706872232,0.96998,1.0,1.0,JAM_CONDITIONAL,0.9,FRC1,0.9,164,0.1,0.81166495666
5843,TTL37819280444017031,3.607804916765936,0.96993,1.0,1.0,JAM_UNCONDITIONAL,0.9,FRC1,0.9,170,0.1,0.8116566233100001
8126,TTL37784655272011001_2,3.6520128391117086,0.96957,1.0,1.0,JAM_CONDITIONAL,0.9,FRC1,0.9,198,0.1,0.81159662319
2952,TTR37784655588030001,4.024370443595898,0.96646,1.0,0.5,CLOSURE,1,FRC6,0.4,,1,0.8110782888200001
4907,TTR37833707748014000,4.214000544007324,0.96488,1.0,0.5,CLOSURE,1,FRC6,0.4,,1,0.8108149549600001
3589,TTR37836592932014000,4.350220395465644,0.96375,1.0,0.5,CLOSURE,1,FRC6,0.4,,1,0.81062662125
5805,TTR37784655524014000,4.3861546701521,0.96345,1.0,0.5,CLOSURE,1,FRC6,0.4,,1,0.8105766211500001
882,TTL37833707744010000,4.44946565398152,0.96292,1.0,0.5,JAM_UNCONDITIONAL,0.9,FRC2,0.8,1005,0.7,0.8104882876400001
2851,TTR37770228320022000,4.483285641363859,0.96264,1.0,0.5,CLOSURE,1,FRC6,0.4,,1,0.81044162088
8060,TTR37784655596014000,4.4857408587755065,0.96262,1.0,0.5,CLOSURE,1,FRC6,0.4,,1,0.81043828754
7362,TTR37827936468054002,4.50932953301526,0.96242,1.0,0.5,CLOSURE,1,FRC6,0.4,,1,0.81040495414
5456,TTR37773113792014001,4.617272992073015,0.96152,1.0,0.5,CLOSURE,1,FRC6,0.4,,1,0.8102549538400001
6029,TTR37764457356022000,4.6247976244259466,0.96146,1.0,0.5,CLOSURE,1,FRC6,0.4,,1,0.8102449538200001
4065,TTR37836592956006000,4.624991885238291,0.96146,1.0,0.5,CLOSURE,1,FRC6,0.4,,1,0.8102449538200001
1208,TTR37842363880014001,4.624991885238291,0.96146,1.0,0.5,CLOSURE,1,FRC6,0.4,,1,0.8102449538200001
8401,TTR37773113864014000,4.6714521038385,0.96107,1.0,0.5,CLOSURE,1,FRC6,0.4,,1,0.8101799536900001
1981,TTR37842363808014001,4.685517099866146,0.96095,1.0,0.5,CLOSURE,1,FRC6,0.4,,1,0.8101599536500002
6840,TTL37833707788011000_3,4.685907368723034,0.96095,1.0,0.5,JAM_CONDITIONAL,0.9,FRC1,0.9,840,0.6,0.8101599536499999
7431,TTR37825051116022000,4.718018144930764,0.96068,1.0,0.5,CLOSURE,1,FRC6,0.4,,1,0.8101149535600001
2751,TTR37839478372022000,4.844071132388514,0.95963,1.0,0.5,CLOSURE,1,FRC6,0.4,,1,0.80993995321
4678,TTR37778884572022000,4.974972468728916,0.95854,1.0,0.5,CLOSURE,1,FRC6,0.4,,1,0.8097582861800001
8381,TTR37813509288030000,4.981416298809749,0.95849,1.0,0.5,CLOSURE,1,FRC6,0.4,,1,0.8097499528300001
7375,TTR37842363860014002,5.133211280504756,0.95722,1.0,0.5,CLOSURE,1,FRC6,0.4,,1,0.80953828574
4778,TTR37845249388030000,5.152417152355158,0.95706,1.0,0.5,CLOSURE,1,FRC6,0.4,,1,0.80951161902
2080,TTR37842363932014002,5.197758744444116,0.95669,1.0,0.5,CLOSURE,1,FRC6,0.4,,1,0.80944995223
298,TTR37778884788022000,5.223414690276684,0.95647,1.0,0.5,CLOSURE,1,FRC6,0.4,,1,0.80941328549
7327,TTR37810623968014001,5.345193385486975,0.95546,1.0,0.5,CLOSURE,1,FRC6,0.4,,1,0.80924495182
5085,TTR37810623896014001,5.480742741937317,0.95433,1.0,0.5,CLOSURE,1,FRC6,0.4,,1,0.8090566181100001
8554,TTR37833707336014002,5.741224852113815,0.95216,1.0,0.5,CLOSURE,1,FRC6,0.4,,1,0.8086949507200001
2994,TTR37851020148022001,5.882439443737083,0.95098,1.0,0.5,CLOSURE,1,FRC6,0.4,,1,0.8084982836600001
2993,TTR37851020148022000,5.990286419377544,0.95008,1.0,0.5,CLOSURE,1,FRC6,0.4,,1,0.80834828336
7044,TTR37819280084014000,5.9950903192343485,0.95004,1.0,0.5,CLOSURE,1,FRC6,0.4,,1,0.8083416166800002
4074,TTR37819280156014000,6.04762005065951,0.9496,1.0,0.5,CLOSURE,1,FRC6,0.4,,1,0.8082682832000001
3670,TTL37799082100027001_3,6.132958488253369,0.94889,1.0,0.5,JAM_CONDITIONAL,0.9,FRC3,0.7,1193,0.8,0.80814994963
8750,TTR37799082132014000,6.27837548633603,0.94768,1.0,0.5,CLOSURE,1,FRC6,0.4,,1,0.80794828256
5112,TTR37781769740014000,6.536087949528782,0.94553,1.0,0.5,CLOSURE,1,FRC6,0.4,,1,0.80758994851
1815,TTR37781769668014002,6.569138078702278,0.94526,1.0,0.5,CLOSURE,1,FRC6,0.4,,1,0.8075449484200001
4000,TTR37738488772030000,8.188119398406874,0.93177,1.0,0.5,CLOSURE,1,FRC6,0.4,,1,0.8052966105900001
6568,TTR37790425832014000,8.960390969674872,0.92533,1.0,0.5,CLOSURE,1,FRC6,0.4,,1,0.80422327511
6842,TTR37845248952014000,9.905526138425829,0.91745,1.0,0.5,CLOSURE,1,FRC6,0.4,,1,0.8029099391500001
218,TTR37764457024038000,9.912675786826679,0.91739,1.0,0.5,CLOSURE,1,FRC6,0.4,,1,0.80289993913
6349,TTR37845248880014000,9.92029539004364,0.91733,1.0,0.5,CLOSURE,1,FRC6,0.4,,1,0.80288993911
2604,TTR37871217836022002,10.120033694300567,0.91567,1.0,0.5,CLOSURE,1,FRC6,0.4,,1,0.8026132718900001
6579,TTR37871217908022002,10.132615533275324,0.91556,1.0,0.5,CLOSURE,1,FRC6,0.4,,1,0.80259493852
5364,TTR37712519704038002,10.541948043052878,0.91215,1.0,0.5,CLOSURE,1,FRC6,0.4,,1,0.8020266040500001
458,TTR37712519632038002,11.185368389991096,0.90679,1.0,0.5,CLOSURE,1,FRC6,0.4,,1,0.8011332689300001
3339,TTR37851019668022000,11.260025860856988,0.90617,1.0,0.5,CLOSURE,1,FRC6,0.4,,1,0.8010299353900001
3117,TTR37851019684014000,11.263673837734867,0.90614,1.0,0.5,CLOSURE,1,FRC6,0.4,,1,0.8010249353800001
548,TTR37851019756014000,11.265842951923995,0.90612,1.0,0.5,CLOSURE,1,FRC6,0.4,,1,0.8010216020400001
92,TTR37879874020022000,11.32556269867962,0.90562,1.0,0.5,CLOSURE,1,FRC6,0.4,,1,0.8009382685399999
6877,TTR37879873948022000,11.420308495139853,0.90483,1.0,0.5,CLOSURE,1,FRC6,0.4,,1,0.8008066016100002
1720,TTR37848134112022000,11.85260530510792,0.90123,1.0,0.5,CLOSURE,1,FRC6,0.4,,1,0.8002066004100001
7305,TTR37836592488030000,12.044516568325715,0.89963,1.0,0.5,CLOSURE,1,FRC6,0.4,,1,0.7999399332100001
1896,TTR37856790456022000,12.05305735511286,0.89956,1.0,0.5,CLOSURE,1,FRC6,0.4,,1,0.79992826652
3565,TTR37836592452030000,12.277086411081845,0.89769,1.0,0.5,CLOSURE,1,FRC6,0.4,,1,0.79961659923
1839,TTR37900072604014000,12.34944011404972,0.89709,1.0,0.5,CLOSURE,1,FRC6,0.4,,1,0.7995165990300002
5084,TTR37900072532014000,12.384210933803045,0.8968,1.0,0.5,CLOSURE,1,FRC6,0.4,,1,0.7994682656000001
3773,TTL37807738760018015,0.5915420259224621,0.99507,1.0,1.0,JAM_UNCONDITIONAL,0.9,FRC2,0.8,175,0.1,0.7991799316900001
2349,TTR37822166564022000,12.958333404409347,0.89201,1.0,0.5,CLOSURE,1,FRC6,0.4,,1,0.79866993067
1381,TTL37825051328005003,2.3333230508185574,0.98056,1.0,1.0,JAM_UNCONDITIONAL,0.9,FRC5,0.5,563,0.4,0.7967615935200001
2105,TTL37801967792018000,2.4256809682889853,0.97979,1.0,1.0,JAM_UNCONDITIONAL,0.9,FRC2,0.8,177,0.1,0.7966332599300001
3375,TTL37830822244003001,2.6502913672108375,0.97791,1.0,1.0,JAM_UNCONDITIONAL,0.9,FRC3,0.7,343,0.2,0.79631992597
4429,TTR37758685900014002,14.728259599376829,0.87726,1.0,0.5,CLOSURE,1,FRC6,0.4,,1,0.7962115924200002
7134,TTR37758685684014002,14.747305382047262,0.87711,1.0,0.5,CLOSURE,1,FRC6,0.4,,1,0.79618659237
7242,TTL37827936752129000,2.773301310323276,0.97689,1.0,1.0,NONLOS_DELAY,0.8,FRC1,0.9,88,0.1,0.7961499256300001
3942,TTL37825051472041000,3.0692059188540295,0.97442,1.0,1.0,NONLOS_DELAY,0.8,FRC1,0.9,83,0.1,0.7957382581400001
5396,TTR37825051472081001,3.0692059188540295,0.97442,1.0,1.0,ROADWORKS,0.6,FRC1,0.9,441,0.3,0.79573825814
2600,TTL37801967964010001,3.117143814314712,0.97402,1.0,1.0,JAM_UNCONDITIONAL,0.9,FRC2,0.8,138,0.1,0.7956715913400001
4701,TTL37825051384026001,3.157473494202516,0.97369,1.0,1.0,JAM_UNCONDITIONAL,0.9,FRC2,0.8,141,0.1,0.7956165912300001
7195,TTL37781770152010043,3.3088206879380886,0.97243,1.0,1.0,JAM_UNCONDITIONAL,0.9,FRC2,0.8,259,0.1,0.7954065908100001
4392,TTL37781770080010004,3.3653031669857305,0.97196,1.0,1.0,JAM_UNCONDITIONAL,0.9,FRC2,0.8,190,0.1,0.7953282573200001
5625,TTL37781770080010004_2,3.3716880742948647,0.9719,1.0,1.0,JAM_CONDITIONAL,0.9,FRC2,0.8,198,0.1,0.7953182573
6041,TTL37773113728010007_3,3.9337054116005774,0.96722,1.0,1.0,JAM_CONDITIONAL,0.9,FRC2,0.8,251,0.1,0.7945382557400001
290,TTR37819280728015000,4.230876174621574,0.96474,1.0,0.5,CLOSURE,1,FRC7,0.3,,1,0.7941249215800001
4210,TTL37758686564035000_2,4.317325358406225,0.96402,1.0,0.5,JAM_CONDITIONAL,0.9,FRC1,0.9,667,0.5,0.79400492134
6928,TTL37905843744020001_2,16.493145582922697,0.86256,1.0,0.5,JAM_CONDITIONAL,0.9,FRC3,0.7,1085,0.8,0.7937615875200001
6378,TTL37842363824019001_1,4.840906164966537,0.95966,1.0,0.5,JAM_CONDITIONAL,0.9,FRC2,0.8,894,0.6,0.79327825322
1448,TTR37799082596023001,5.266567334728692,0.95611,1.0,0.5,CLOSURE,1,FRC7,0.3,,1,0.79268658537
2473,TTR37799082668023001,5.584184242004154,0.95347,1.0,0.5,CLOSURE,1,FRC7,0.3,,1,0.79224658449
5949,TTR37940467892022000,18.27340913313716,0.84772,1.0,0.5,CLOSURE,1,FRC6,0.4,,1,0.79128824924
7071,TTR37856791048015000,6.785389473334785,0.94346,1.0,0.5,CLOSURE,1,FRC7,0.3,,1,0.7905782478200001
3330,TTR37856791088007000,6.833561652349977,0.94305,1.0,0.5,CLOSURE,1,FRC7,0.3,,1,0.7905099143500001
5224,TTR37856791124007000,6.8878434723481075,0.9426,1.0,0.5,CLOSURE,1,FRC7,0.3,,1,0.7904349142
4321,TTR37851019816015000,7.35662188414569,0.93869,1.0,0.5,CLOSURE,1,FRC7,0.3,,1,0.7897832462300001
7257,TTR37787540360015002,7.449204601478444,0.93792,1.0,0.5,CLOSURE,1,FRC7,0.3,,1,0.7896549126400001
2504,TTR37787540288015000,7.565097620715065,0.93696,1.0,0.5,CLOSURE,1,FRC7,0.3,,1,0.7894949123200001
7405,TTR37865447096031002,8.752740242319925,0.92706,1.0,0.5,CLOSURE,1,FRC7,0.3,,1,0.7878449090200002
7727,TTR37862561552031002,8.866077047873693,0.92612,1.0,0.5,CLOSURE,1,FRC7,0.3,,1,0.78768824204
337,TTR37882760024007000,10.258787561102956,0.91451,1.0,0.5,CLOSURE,1,FRC7,0.3,,1,0.7857532381700001
6838,TTR37882760096007000,10.299740179203859,0.91417,1.0,0.5,CLOSURE,1,FRC7,0.3,,1,0.7856965713900002
4403,TTR37842363276015002,10.780386361993703,0.91016,1.0,0.5,CLOSURE,1,FRC7,0.3,,1,0.7850282367200001
863,TTL37790426048019007_1,1.1546398868909848,0.99038,1.0,1.0,JAM_CONDITIONAL,0.9,FRC3,0.7,180,0.1,0.7817315634600001
1106,TTL37790426048019007,1.232153713737685,0.98973,1.0,1.0,JAM_UNCONDITIONAL,0.9,FRC3,0.7,135,0.1,0.7816232299100001
2597,TTL37796197100011015,1.618536915495278,0.98651,1.0,1.0,JAM_UNCONDITIONAL,0.9,FRC3,0.7,169,0.1,0.78108656217
9577,Freiheit,13.979642584338743,0.8835,1.0,0.5,CLOSURE,1,FRC7,0.3,,1,0.7805848945
5091,TTL37781769808035016_3,2.061347524635323,0.98282,1.0,1.0,JAM_CONDITIONAL,0.9,FRC3,0.7,245,0.1,0.78047156094
871,TTL37827936804012001,2.7173058559620107,0.97736,1.0,1.0,JAM_UNCONDITIONAL,0.9,FRC4,0.6,348,0.2,0.77956155912
4095,TTL37793311512027001,2.7422363166993144,0.97715,1.0,1.0,JAM_UNCONDITIONAL,0.9,FRC3,0.7,149,0.1,0.77952655905
6156,TTL37787540884003000,2.826283594288621,0.97645,1.0,1.0,JAM_UNCONDITIONAL,0.9,FRC3,0.7,185,0.1,0.7794098921500001
2834,TTL37787540884003000_2,2.826283594288621,0.97645,1.0,1.0,JAM_CONDITIONAL,0.9,FRC3,0.7,286,0.1,0.7794098921500001
2471,TTR37876988384031001,14.83880786558418,0.87634,1.0,0.5,CLOSURE,1,FRC7,0.3,,1,0.77939155878
4023,TTL37822165824027011,2.8722376939233283,0.97606,1.0,1.0,JAM_UNCONDITIONAL,0.9,FRC3,0.7,185,0.1,0.7793448920200001
4831,TTR37876988312031001,15.078837215941526,0.87434,1.0,0.5,CLOSURE,1,FRC7,0.3,,1,0.77905822478
3583,TTL37778884604003001,3.113775775548889,0.97405,1.0,1.0,JAM_UNCONDITIONAL,0.9,FRC3,0.7,202,0.1,0.7790098913500001
3118,TTL37773113736011000,3.1652735848741607,0.97362,1.0,1.0,JAM_UNCONDITIONAL,0.9,FRC3,0.7,261,0.1,0.7789382245400001
1857,TTR37876988400023001,15.379258554255832,0.87184,1.0,0.5,CLOSURE,1,FRC7,0.3,,1,0.7786415572800001
4700,TTR37876988328023001,15.600864905727398,0.86999,1.0,0.5,CLOSURE,1,FRC7,0.3,,1,0.77833322333
2584,TTL37781770056006000,3.703842165512136,0.96913,1.0,1.0,JAM_UNCONDITIONAL,0.9,FRC3,0.7,158,0.1,0.77818988971
7927,TTL37770228160027010_3,3.742636519808287,0.96881,1.0,1.0,JAM_CONDITIONAL,0.9,FRC3,0.7,209,0.1,0.7781365562700001
5523,TTL37758686564035000,4.079672553863733,0.966,1.0,0.5,JAM_UNCONDITIONAL,0.9,FRC3,0.7,782,0.6,0.777668222
6839,TTL37833707788011000_2,4.685907368723034,0.96095,1.0,0.5,JAM_CONDITIONAL,0.9,FRC1,0.9,577,0.4,0.7768265536500001
3985,TTL37905843852010000,16.767718224618427,0.86027,1.0,0.5,JAM_UNCONDITIONAL,0.9,FRC2,0.8,856,0.6,0.77671322009
208,TTL37767343108009003,6.051541849674351,0.94957,1.0,0.5,JAM_UNCONDITIONAL,0.9,FRC1,0.9,634,0.4,0.77492988319
754,TTL37784654972336000,8.652865691383198,0.92789,1.0,0.5,JAM_UNCONDITIONAL,0.9,FRC0,1,505,0.3,0.7713165426299999
434,TTL37784654972336000_3,9.258752354379855,0.92284,1.0,0.5,JAM_CONDITIONAL,0.9,FRC0,1,430,0.3,0.77047487428
6133,TTR37804853336017001,0.9094738419570121,0.99242,1.0,1.0,ROADWORKS,0.6,FRC1,0.9,27,0.1,0.7654048641400001
8003,TTL37810624284059000,0.9807599462085732,0.99183,1.0,1.0,NONLOS_DELAY,0.8,FRC3,0.7,126,0.1,0.7653065306100001
2955,TTR37804853264017001,1.2254876489095643,0.98979,1.0,1.0,ROADWORKS,0.6,FRC1,0.9,17,0.1,0.76496652993
223,TTR37796197120033000,1.489312271829745,0.98759,1.0,1.0,ROADWORKS,0.6,FRC1,0.9,25,0.1,0.76459986253
4740,TTR37799082468131001,1.7000400954770105,0.98583,1.0,1.0,ROADWORKS,0.6,FRC1,0.9,158,0.1,0.76430652861
2873,TTL37813509548004003,2.035539536314415,0.98304,1.0,1.0,JAM_UNCONDITIONAL,0.9,FRC4,0.6,269,0.1,0.76384152768
215,TTL37819280460012002,2.1828351639527153,0.98181,1.0,1.0,JAM_UNCONDITIONAL,0.9,FRC4,0.6,202,0.1,0.7636365272700001
2942,TTR37822165884025001,2.7658945870890723,0.97695,1.0,1.0,ROADWORKS,0.6,FRC1,0.9,47,0.1,0.7628265256500001
1887,TTR37827936752137000,2.773301310323276,0.97689,1.0,1.0,ROADWORKS,0.6,FRC1,0.9,162,0.1,0.76281652563
7619,TTR37827936824137003,3.2138095020689583,0.97322,1.0,1.0,ROADWORKS,0.6,FRC1,0.9,247,0.1,0.76220485774
1275,TTR37833707756066001,4.618408957452215,0.96151,1.0,0.5,ROADWORKS,0.6,FRC2,0.8,1007,0.7,0.76025318717
8603,TTL37842363952009022_2,4.73183134270594,0.96057,1.0,0.5,JAM_CONDITIONAL,0.9,FRC1,0.9,477,0.3,0.7600965201900001
8122,TTL37839478480012018_3,4.803866020963603,0.95997,1.0,0.5,JAM_CONDITIONAL,0.9,FRC1,0.9,468,0.3,0.7599965199900001
7339,TTL37862561864009002_2,8.123907337956021,0.9323,1.0,0.5,JAM_CONDITIONAL,0.9,FRC1,0.9,488,0.3,0.7553848441
6708,TTL37755800652000001,8.283126263886006,0.93097,1.0,0.5,JAM_UNCONDITIONAL,0.9,FRC0,1,310,0.2,0.75516317699
1012,TTL37755801432011001,8.508217971470318,0.9291,1.0,0.5,JAM_UNCONDITIONAL,0.9,FRC3,0.7,762,0.5,0.7548515096999999
426,TTL37784654972336000_1,9.258752354379855,0.92284,1.0,0.5,JAM_CONDITIONAL,0.9,FRC0,1,389,0.2,0.75380817428
2382,TTL37787541292001000,11.654854287333036,0.90288,1.0,0.5,JAM_UNCONDITIONAL,0.9,FRC1,0.9,437,0.3,0.7504815009600001
4480,TTR37799082512001000,0.6177654874049066,0.99485,1.0,1.0,ROADWORKS,0.6,FRC1,0.9,-100,0,0.74914316495
2706,TTR37807738792057000,0.7403117314648605,0.99383,1.0,1.0,ROADWORKS,0.6,FRC1,0.9,-100,0,0.7489731646100001
8549,TTL37799082312013000,0.7563015987425572,0.9937,1.0,1.0,JAM_UNCONDITIONAL,0.9,FRC5,0.5,123,0.1,0.7489514979000002
3959,TTR37807738716009002,0.8369667644317503,0.99303,1.0,1.0,ROADWORKS,0.6,FRC1,0.9,-100,0,0.7488398310100001
7850,TTR37796197156025000,2.0212665099309293,0.98316,1.0,1.0,ROADWORKS,0.6,FRC1,0.9,-100,0,0.74719482772
8145,TTL37787541500009000,14.137438106172347,0.88219,1.0,0.5,JAM_UNCONDITIONAL,0.9,FRC1,0.9,468,0.3,0.74703316073
8224,TTR37810624348018002,2.808477144110441,0.9766,1.0,1.0,ROADWORKS,0.6,FRC2,0.8,21,0.1,0.7461014922000001
3105,TTR37822165812033001,2.814686658288237,0.97654,1.0,1.0,ROADWORKS,0.6,FRC1,0.9,-100,0,0.74609149218
5961,TTR37816394892017002,3.4114300837986136,0.97157,1.0,1.0,ROADWORKS,0.6,FRC1,0.9,-100,0,0.74526315719
4433,TTL37781770052029000,3.4332330489794334,0.97139,1.0,1.0,JAM_UNCONDITIONAL,0.9,FRC5,0.5,127,0.1,0.74523315713
7288,TTL37770228128021000,3.4584767325435766,0.97118,1.0,1.0,JAM_UNCONDITIONAL,0.9,FRC5,0.5,181,0.1,0.74519815706
5156,TTL37816394760021000,3.6069385791278363,0.96994,1.0,1.0,JAM_UNCONDITIONAL,0.9,FRC5,0.5,233,0.1,0.7449914899800001
2999,TTL37833707716005000,3.7974916153528953,0.96835,1.0,1.0,JAM_UNCONDITIONAL,0.9,FRC5,0.5,153,0.1,0.7447264894500001
682,TTR37833707604065001,4.632109605355677,0.9614,1.0,0.5,ROADWORKS,0.6,FRC1,0.9,747,0.5,0.7435681538000001
1234,TTL37842363824019001,4.840906164966537,0.95966,1.0,0.5,JAM_UNCONDITIONAL,0.9,FRC3,0.7,578,0.4,0.7432781532200001
5846,TTL37761571984053001,4.888679836108249,0.95926,1.0,0.5,JAM_UNCONDITIONAL,0.9,FRC5,0.5,836,0.6,0.7432114864199999
3259,TTL37842363920020000,5.187183781715085,0.95677,1.0,0.5,JAM_UNCONDITIONAL,0.9,FRC4,0.6,662,0.5,0.74279648559
489,TTL37825051612021000,5.543812159271652,0.9538,1.0,0.5,JAM_UNCONDITIONAL,0.9,FRC5,0.5,795,0.6,0.7423014846
5110,TTL37761571936009009,5.710259060343156,0.95241,1.0,0.5,JAM_UNCONDITIONAL,0.9,FRC1,0.9,400,0.2,0.74206981747
1403,TTL37758686696025004,5.792122673457927,0.95173,1.0,0.5,JAM_UNCONDITIONAL,0.9,FRC0,1,257,0.1,0.7419564839100001
3757,TTL37770227880008000,6.205406461453516,0.94829,1.0,0.5,JAM_UNCONDITIONAL,0.9,FRC0,1,62,0.1,0.74138314943
307,TTL37758686796002001_1,6.500222006378556,0.94583,1.0,0.5,JAM_CONDITIONAL,0.9,FRC2,0.8,448,0.3,0.74097314861
5737,TTL37836592732008006,6.752914083482013,0.94373,1.0,0.5,JAM_UNCONDITIONAL,0.9,FRC0,1,25,0.1,0.7406231479100001
6420,TTL37836592732008021,7.156848982995791,0.94036,1.0,0.5,JAM_UNCONDITIONAL,0.9,FRC0,1,167,0.1,0.7400614801200001
8497,TTL37819280136192000,7.1591467584235575,0.94034,1.0,0.5,JAM_UNCONDITIONAL,0.9,FRC0,1,213,0.1,0.74005814678
719,TTL37741373756012027_2,7.469467140404201,0.93775,1.0,0.5,JAM_CONDITIONAL,0.9,FRC1,0.9,319,0.2,0.73962647925
1154,TTL37836592744056000,8.238604735000372,0.93134,1.0,0.5,JAM_UNCONDITIONAL,0.9,FRC0,1,244,0.1,0.73855814378
2694,TTL37868332768003005,8.412213076436213,0.9299,1.0,0.5,JAM_UNCONDITIONAL,0.9,FRC3,0.7,638,0.4,0.7383181433000001
5187,TTL37770227864008001,8.544965078791902,0.92879,1.0,0.5,JAM_UNCONDITIONAL,0.9,FRC0,1,52,0.1,0.73813314293
5455,TTL37862562100010004,9.216901107625844,0.92319,1.0,0.5,JAM_UNCONDITIONAL,0.9,FRC2,0.8,428,0.3,0.7371998077300002
1390,TTL37845249736041011_3,9.453612383424742,0.92122,1.0,0.5,JAM_CONDITIONAL,0.9,FRC1,0.9,417,0.2,0.73687147374
5093,TTL37845248924016002,9.537174500611062,0.92052,1.0,0.5,JAM_UNCONDITIONAL,0.9,FRC0,1,29,0.1,0.73675480684
2153,TTL37799082000008000,10.253873833336549,0.91455,1.0,0.5,JAM_UNCONDITIONAL,0.9,FRC0,1,124,0.1,0.73575980485
3515,TTL37845249772019008_3,10.313348636244026,0.91406,1.0,0.5,JAM_CONDITIONAL,0.9,FRC1,0.9,356,0.2,0.7356781380199999
2059,TTR37810624240051001,0.4006519268620533,0.99666,1.0,1.0,ROADWORKS,0.6,FRC3,0.7,37,0.1,0.7327781322200001
2926,TTR37810624284059001,0.9807599462085732,0.99183,1.0,1.0,ROADWORKS,0.6,FRC3,0.7,126,0.1,0.73197313061
214,TTL37891416480018005_1,13.009262176789425,0.89159,1.0,0.5,JAM_CONDITIONAL,0.9,FRC2,0.8,448,0.3,0.7319331305300001
2806,TTL37790426080038000,1.450963869034708,0.98791,1.0,1.0,JAM_UNCONDITIONAL,0.9,FRC6,0.4,202,0.1,0.7313197959700001
5018,TTL37718290980003005_1,13.662114918806305,0.88615,1.0,0.5,JAM_CONDITIONAL,0.9,FRC3,0.7,555,0.4,0.73102646205
8713,TTL37911614284011000_2,13.776982720101138,0.88519,1.0,0.5,JAM_CONDITIONAL,0.9,FRC3,0.7,619,0.4,0.73086646173
5219,TTR37801967864010001,2.1868213033487383,0.98178,1.0,1.0,ROADWORKS,0.6,FRC2,0.8,-100,0,0.7302981272600001
1391,TTL37911614272019003_3,14.217152210241775,0.88152,1.0,0.5,JAM_CONDITIONAL,0.9,FRC1,0.9,394,0.2,0.7302547938399999
6107,TTL37778884448022000,2.6656084798485313,0.97779,1.0,1.0,JAM_UNCONDITIONAL,0.9,FRC6,0.4,170,0.1,0.7296331259300001
2435,TTR37822166048035002,2.734420782817989,0.97721,1.0,1.0,ROADWORKS,0.6,FRC3,0.7,24,0.1,0.7295364590700001
7963,TTR37833707584010001,2.8287472927672437,0.97643,1.0,1.0,ROADWORKS,0.6,FRC2,0.8,-100,0,0.7294064588100001
7217,TTL37827936732029000,3.0489005179951274,0.97459,1.0,1.0,JAM_UNCONDITIONAL,0.9,FRC6,0.4,152,0.1,0.72909979153
3791,TTR37810624420018001,3.2004382261950504,0.97333,1.0,1.0,ROADWORKS,0.6,FRC2,0.8,-100,0,0.7288897911100001
6365,TTL37784655236014000,3.2183511127353928,0.97318,1.0,1.0,JAM_UNCONDITIONAL,0.9,FRC6,0.4,152,0.1,0.7288647910600001
2170,TTL37790426388053000,3.3084368988746653,0.97243,1.0,1.0,NONLOS_DELAY,0.8,FRC5,0.5,105,0.1,0.7287397908100001
3537,TTR37773113740043001,3.363823944528816,0.97197,1.0,1.0,ROADWORKS,0.6,FRC3,0.7,212,0.1,0.7286631239900001
4947,TTL37784655552021001,3.7385346442256524,0.96885,1.0,1.0,NONLOS_DELAY,0.8,FRC5,0.5,61,0.1,0.72814312295
1562,TTL37804853548010002,4.19393663476324,0.96505,1.0,0.5,JAM_UNCONDITIONAL,0.9,FRC2,0.8,328,0.2,0.7275097883499999
7880,TTL37905843744020001,16.493145582922697,0.86256,1.0,0.5,JAM_UNCONDITIONAL,0.9,FRC4,0.6,694,0.5,0.72709478752
5590,TTL37833707788011000,4.564328174394621,0.96196,1.0,0.5,JAM_UNCONDITIONAL,0.9,FRC3,0.7,487,0.3,0.72699478732
1666,TTL37822165960009006,4.5951286069285535,0.96171,1.0,0.5,JAM_UNCONDITIONAL,0.9,FRC1,0.9,263,0.1,0.7269531205699999
661,TTL37833707748001005,4.605131855897598,0.96162,1.0,0.5,JAM_UNCONDITIONAL,0.9,FRC1,0.9,136,0.1,0.7269381205400001
7049,TTL37833707676009001_3,4.669254826033004,0.96109,1.0,0.5,JAM_CONDITIONAL,0.9,FRC1,0.9,270,0.1,0.7268497870300001
4029,TTL37842363952009008,4.709183816211313,0.96076,1.0,0.5,JAM_UNCONDITIONAL,0.9,FRC1,0.9,65,0.1,0.72679478692
4262,TTL37842363952009022,4.73183134270594,0.96057,1.0,0.5,JAM_UNCONDITIONAL,0.9,FRC1,0.9,106,0.1,0.72676312019
588,TTL37842363720009003,5.327502936381258,0.9556,1.0,0.5,JAM_UNCONDITIONAL,0.9,FRC1,0.9,211,0.1,0.7259347852
8291,TTL37790425836033007,5.785536885356378,0.95179,1.0,0.5,JAM_UNCONDITIONAL,0.9,FRC1,0.9,202,0.1,0.7252997839300002
5350,TTL37842363760017004_1,6.200438066407686,0.94833,1.0,0.5,JAM_CONDITIONAL,0.9,FRC1,0.9,209,0.1,0.7247231161100001
5916,TTW37770227880008000,6.205406461453516,0.94829,1.0,0.5,JAM_TAIL_WARNING,0.9,FRC0,1,-100,0,0.72471644943
4885,TTL37862561872002003,6.475999988160864,0.94603,1.0,0.5,JAM_UNCONDITIONAL,0.9,FRC2,0.8,311,0.2,0.7243397820099999
1942,TTL37799082100027004_3,6.52817156704292,0.9456,1.0,0.5,JAM_CONDITIONAL,0.9,FRC2,0.8,302,0.2,0.7242681152000001
3320,TTL37715404440075000_1,18.538024433736123,0.84552,1.0,0.5,JAM_CONDITIONAL,0.9,FRC2,0.8,472,0.3,0.72425478184
5938,TTL37752915664017015,6.636354473989408,0.9447,1.0,0.5,JAM_UNCONDITIONAL,0.9,FRC1,0.9,175,0.1,0.7241181149
3848,TTL37729832488488000,6.752892266438372,0.94373,1.0,0.5,NONLOS_DELAY,0.8,FRC0,1,76,0.1,0.72395644791
3225,TTW37836592732008006,6.752914083482013,0.94373,1.0,0.5,JAM_TAIL_WARNING,0.9,FRC0,1,-100,0,0.72395644791
1503,TTL37755801364003004,6.918711243732782,0.94234,1.0,0.5,JAM_UNCONDITIONAL,0.9,FRC3,0.7,512,0.3,0.72372478078
5437,TTW37819280136192000,7.1591467584235575,0.94034,1.0,0.5,JAM_TAIL_WARNING,0.9,FRC0,1,-100,0,0.72339144678
7404,TTL37750030344010012,7.741928580833068,0.93548,1.0,0.5,JAM_UNCONDITIONAL,0.9,FRC2,0.8,398,0.2,0.7225814451600001
7320,TTL37862561864009002,8.123907337956021,0.9323,1.0,0.5,JAM_UNCONDITIONAL,0.9,FRC1,0.9,138,0.1,0.7220514441000001
1725,TTW37755800652000001,8.283126263886006,0.93097,1.0,0.5,JAM_TAIL_WARNING,0.9,FRC0,1,-100,0,0.72182977699
7340,TTL37862561864009002_1,8.313963835713228,0.93072,1.0,0.5,JAM_CONDITIONAL,0.9,FRC1,0.9,106,0.1,0.7217881102400001
6219,TTL37874103660011002_3,8.402528246840586,0.92998,1.0,0.5,JAM_CONDITIONAL,0.9,FRC3,0.7,425,0.3,0.72166477666
3861,TTW37770227864008001,8.544965078791902,0.92879,1.0,0.5,JAM_TAIL_WARNING,0.9,FRC0,1,-100,0,0.72146644293
2269,TTL37868332868020018_3,8.617782816141688,0.92819,1.0,0.5,JAM_CONDITIONAL,0.9,FRC3,0.7,468,0.3,0.72136644273
