,incident_key,filter_out,distance,distance_score,radius_boost_score,event,event_score,frc,frc_score,delay,delay_score,ranking_score
5142,TTR37807738832001001,False,0.7921735743221896,0.9934,1.0,CLOSURE,1,FRC1,0.9,,1,0.97868
4519,TTR37830822260001001,False,3.216805124245723,0.97319,1.0,CLOSURE,1,FRC1,0.9,,1,0.9746380000000001
3465,TTR37804853160042002,False,1.7933324339100623,0.98506,1.0,CLOSURE,1,FRC2,0.8,,1,0.957012
106,TTR37804853216042002,False,2.0615348161928755,0.98282,1.0,CLOSURE,1,FRC2,0.8,,1,0.956564
5047,TTL37833707752001000,False,3.7879709673063524,0.96843,1.0,JAM_UNCONDITIONAL,0.9,FRC1,0.9,2657,1.0,0.953686
1854,TTR37787540816051001,False,2.362934965448297,0.98031,1.0,CLOSURE,1,FRC3,0.7,,1,0.936062
1728,TTR37819280360027000,False,2.997487867105846,0.97502,1.0,CLOSURE,1,FRC3,0.7,,1,0.935004
7144,TTR37813509724020000,False,2.13057557859443,0.98225,1.0,CLOSURE,1,FRC4,0.6,,1,0.91645
5989,TTR37813509652020000,False,2.1910350720136926,0.98174,1.0,CLOSURE,1,FRC4,0.6,,1,0.9163479999999999
7453,TTR37827936732020002,False,3.3560207730516525,0.97203,1.0,CLOSURE,1,FRC4,0.6,,1,0.914406
2577,TTL37807738788009003,False,0.35990766350206127,0.997,1.0,JAM_UNCONDITIONAL,0.9,FRC1,0.9,932,0.7,0.8994000000000002
5191,TTR37807738616021000,False,1.1835816603366764,0.99014,1.0,CLOSURE,1,FRC5,0.5,,1,0.898028
3839,TTR37807738688021000,False,1.284843090000052,0.98929,1.0,CLOSURE,1,FRC5,0.5,,1,0.897858
145,TTR37804853228013000,False,1.8382212846521684,0.98468,1.0,CLOSURE,1,FRC5,0.5,,1,0.896936
2684,TTR37781770080021000,False,3.7086881957041586,0.96909,1.0,CLOSURE,1,FRC5,0.5,,1,0.893818
2730,TTR37784655552021000,False,3.7150837758306205,0.96904,1.0,CLOSURE,1,FRC5,0.5,,1,0.8938079999999999
6397,TTR37778884628013000,False,3.732334371259794,0.9689,1.0,CLOSURE,1,FRC5,0.5,,1,0.89378
4491,TTR37781770080053001,False,3.7385346442256524,0.96885,1.0,CLOSURE,1,FRC5,0.5,,1,0.89377
3641,TTR37784655516037003,False,3.7385346442256524,0.96885,1.0,CLOSURE,1,FRC5,0.5,,1,0.89377
5353,TTR37784655624053001,False,3.8488993500810316,0.96793,1.0,CLOSURE,1,FRC5,0.5,,1,0.893586
1653,TTR37784655516005000,False,3.941228962199634,0.96716,1.0,CLOSURE,1,FRC5,0.5,,1,0.893432
4305,TTR37848134668240001,False,4.827026730147306,0.95977,0.5,CLOSURE,1,FRC0,1,,1,0.891954
4265,TTR37862561912040001,False,7.187460540867257,0.9401,0.5,CLOSURE,1,FRC0,1,,1,0.8880199999999999
5315,TTR37848134644240001,False,7.200422766894361,0.94,0.5,CLOSURE,1,FRC0,1,,1,0.888
5140,TTL37807738788009003_1,False,0.35990766350206127,0.997,1.0,JAM_CONDITIONAL,0.9,FRC1,0.9,813,0.6,0.8794000000000002
5137,TTL37807738788009003_2,False,0.37057608307813755,0.99691,1.0,JAM_CONDITIONAL,0.9,FRC1,0.9,826,0.6,0.8793820000000001
5161,TTR37804853340014001,False,1.6597842023904985,0.98617,1.0,CLOSURE,1,FRC6,0.4,,1,0.8772340000000001
13,TTR37804853196006001,False,1.8382212846521684,0.98468,1.0,CLOSURE,1,FRC6,0.4,,1,0.8769359999999999
10,TTR37804853196006000,False,1.841077932469829,0.98466,1.0,CLOSURE,1,FRC6,0.4,,1,0.876932
3494,TTR37804853268006000,False,1.8429633533781635,0.98464,1.0,CLOSURE,1,FRC6,0.4,,1,0.8769279999999999
1194,TTR37804853268014001,False,1.861922406503839,0.98448,1.0,CLOSURE,1,FRC6,0.4,,1,0.8768960000000001
2024,TTR37796197228022000,False,1.8629539961050412,0.98448,1.0,CLOSURE,1,FRC6,0.4,,1,0.8768960000000001
6721,TTR37804853124006000,False,1.8915245050093712,0.98424,1.0,CLOSURE,1,FRC6,0.4,,1,0.8768480000000001
5379,TTR37807738912014000,False,1.912719098075998,0.98406,1.0,CLOSURE,1,FRC6,0.4,,1,0.8768120000000001
6718,TTR37804853124006001,False,1.9449198379262844,0.98379,1.0,CLOSURE,1,FRC6,0.4,,1,0.8767580000000001
5486,TTR37804853192006000,False,2.0005039067025088,0.98333,1.0,CLOSURE,1,FRC6,0.4,,1,0.876666
5428,TTR37801967824014003,False,2.3690724058788764,0.98026,1.0,CLOSURE,1,FRC6,0.4,,1,0.876052
2441,TTR37801967896014002,False,2.387233095340867,0.98011,1.0,CLOSURE,1,FRC6,0.4,,1,0.8760220000000001
6302,TTR37807738872014001,False,2.655962953804944,0.97787,1.0,CLOSURE,1,FRC6,0.4,,1,0.8755740000000001
2410,TTR37825051328014002,False,2.7273365224337036,0.97727,1.0,CLOSURE,1,FRC6,0.4,,1,0.875454
5147,TTR37801968000014001,False,2.7284250787007807,0.97726,1.0,CLOSURE,1,FRC6,0.4,,1,0.8754520000000001
1735,TTR37787540784022000,False,2.7762320416569843,0.97686,1.0,CLOSURE,1,FRC6,0.4,,1,0.875372
1946,TTR37825051256014002,False,2.795603582218044,0.9767,1.0,CLOSURE,1,FRC6,0.4,,1,0.87534
3177,TTR37807738912022000,False,2.874821202260999,0.97604,1.0,CLOSURE,1,FRC6,0.4,,1,0.875208
5160,TTR37784655240022000,False,2.883433379499574,0.97597,1.0,CLOSURE,1,FRC6,0.4,,1,0.875194
6410,TTR37790426352014000,False,2.934779246977564,0.97554,1.0,CLOSURE,1,FRC6,0.4,,1,0.875108
5937,TTR37790426424014000,False,2.9595286536384013,0.97534,1.0,CLOSURE,1,FRC6,0.4,,1,0.875068
3142,TTR37810624456022000,False,2.9599941619508177,0.97533,1.0,CLOSURE,1,FRC6,0.4,,1,0.8750660000000001
443,TTR37827936784006000,False,2.9617446622929435,0.97532,1.0,CLOSURE,1,FRC6,0.4,,1,0.8750640000000001
8731,TTR37827936852006000,False,2.982912851684543,0.97514,1.0,CLOSURE,1,FRC6,0.4,,1,0.8750280000000001
6930,TTR37827936768006000,False,3.131247387962439,0.97391,1.0,CLOSURE,1,FRC6,0.4,,1,0.874782
7154,TTR37827936840006000,False,3.150463930008479,0.97375,1.0,CLOSURE,1,FRC6,0.4,,1,0.8747500000000001
1556,TTR37807738676014001,False,3.3961364543368555,0.9717,1.0,CLOSURE,1,FRC6,0.4,,1,0.8743400000000001
8050,TTR37807738604014001,False,3.4652355628501104,0.97112,1.0,CLOSURE,1,FRC6,0.4,,1,0.8742240000000001
2909,TTR37773113632006000,False,3.534641405105111,0.97054,1.0,CLOSURE,1,FRC6,0.4,,1,0.8741080000000001
7398,TTR37781770044022001,False,3.605710075981754,0.96995,1.0,CLOSURE,1,FRC6,0.4,,1,0.87399
1480,TTR37784655480110000,False,3.6113332257990045,0.96991,1.0,CLOSURE,1,FRC6,0.4,,1,0.873982
248,TTR37773113632030000,False,3.6396289403423654,0.96967,1.0,CLOSURE,1,FRC6,0.4,,1,0.873934
2020,TTR37773113704006000,False,3.639114973205959,0.96967,1.0,CLOSURE,1,FRC6,0.4,,1,0.873934
674,TTR37784655516030001,False,3.681244527878377,0.96932,1.0,CLOSURE,1,FRC6,0.4,,1,0.873864
3003,TTR37784655372030001,False,3.7149282480892967,0.96904,1.0,CLOSURE,1,FRC6,0.4,,1,0.8738080000000001
3702,TTR37773113704030000,False,3.7462155067112834,0.96878,1.0,CLOSURE,1,FRC6,0.4,,1,0.873756
437,TTR37781770116022001,False,3.8014525735240436,0.96832,1.0,CLOSURE,1,FRC6,0.4,,1,0.873664
2123,TTR37781770116023000,False,3.8302014132088056,0.96808,1.0,CLOSURE,1,FRC6,0.4,,1,0.873616
6958,TTR37819280612022000,False,3.9572117075401585,0.96702,1.0,CLOSURE,1,FRC6,0.4,,1,0.8734040000000001
4736,TTR37819280700006001,False,3.990731126542961,0.96674,1.0,CLOSURE,1,FRC6,0.4,,1,0.873348
2950,TTR37784655588030002,False,3.992982005290471,0.96673,1.0,CLOSURE,1,FRC6,0.4,,1,0.873346
3248,TTR37761572128017000,False,5.133685747294136,0.95722,0.5,CLOSURE,1,FRC1,0.9,,1,0.871444
4111,TTR37724061296025000,False,9.227915751205902,0.9231,0.5,CLOSURE,1,FRC1,0.9,,1,0.86462
8535,TTR37724061296009000,False,9.416987258244,0.92153,0.5,CLOSURE,1,FRC1,0.9,,1,0.8643060000000001
528,TTR37724061220025000,False,9.475531066603809,0.92104,0.5,CLOSURE,1,FRC1,0.9,,1,0.864208
4283,TTL37807738796009001,False,0.5084230360966716,0.99576,1.0,JAM_UNCONDITIONAL,0.9,FRC1,0.9,692,0.5,0.8591520000000001
6262,TTR37937583108025001,False,16.498697383378506,0.86251,0.5,CLOSURE,1,FRC1,0.9,,1,0.852502
5078,TTR37937583128033001,False,16.759812678739365,0.86033,0.5,CLOSURE,1,FRC1,0.9,,1,0.8520660000000001
1300,TTR37845249352010001,False,4.781937190732177,0.96015,0.5,CLOSURE,1,FRC2,0.8,,1,0.85203
4561,TTR37845249280010001,False,4.8421686048356145,0.95965,0.5,CLOSURE,1,FRC2,0.8,,1,0.85193
3802,TTL37833707676009003,False,5.9706428573105335,0.95024,0.5,JAM_UNCONDITIONAL,0.9,FRC1,0.9,2643,1.0,0.850048
3558,TTR37721176372042000,False,10.924455558516032,0.90896,0.5,CLOSURE,1,FRC2,0.8,,1,0.841792
4699,TTR37721176324018000,False,11.32795818008244,0.9056,0.5,CLOSURE,1,FRC2,0.8,,1,0.84112
830,TTL37781770152010043_1,False,3.3088206879380886,0.97243,1.0,JAM_CONDITIONAL,0.9,FRC1,0.9,541,0.4,0.8344860000000001
4650,TTR37900072904018001,False,15.311437213614578,0.8724,0.5,HAZARD,1,FRC2,0.8,,1,0.83448
6253,TTR37926041400010000,False,16.462838384487544,0.86281,0.5,CLOSURE,1,FRC2,0.8,,1,0.8325619999999999
7694,TTR37926041420010000,False,16.466278634004002,0.86278,0.5,CLOSURE,1,FRC2,0.8,,1,0.832556
1430,TTR37926041356034001,False,16.61556608431119,0.86154,0.5,CLOSURE,1,FRC2,0.8,,1,0.8323079999999999
8241,TTR37833707672035002,False,4.7459610029471175,0.96045,0.5,CLOSURE,1,FRC3,0.7,,1,0.8320900000000001
7450,TTR37822165524051001,False,5.365542647250466,0.95529,0.5,HAZARD,1,FRC3,0.7,,1,0.831058
6432,TTR37758685672058001,False,19.79946331007604,0.835,0.5,CLOSURE,1,FRC2,0.8,,1,0.8270000000000001
6702,TTR37758685600002000,False,19.849549285974213,0.83459,0.5,CLOSURE,1,FRC2,0.8,,1,0.8269179999999999
8772,TTU37741373640027000,False,8.425967350966596,0.92978,0.5,CLOSURE,1,FRC3,0.7,,1,0.825956
8264,TTL37830822304001005_2,False,3.327471659182496,0.97227,1.0,JAM_CONDITIONAL,0.9,FRC1,0.9,482,0.3,0.814454
1,TTL37663467832010000,False,16.172796322429488,0.86523,0.5,JAM_UNCONDITIONAL,0.9,FRC2,0.8,2347,1.0,0.813046
7834,TTL37663467832010000_2,False,16.41316479531592,0.86322,0.5,JAM_CONDITIONAL,0.9,FRC2,0.8,1707,1.0,0.812644
1481,TTR37825051216012000,False,4.677222624407405,0.96102,0.5,CLOSURE,1,FRC4,0.6,,1,0.812204
6542,TTR37825051144012000,False,4.715257930765898,0.96071,0.5,CLOSURE,1,FRC4,0.6,,1,0.812142
297,TTR37813509500028001,False,4.981416298809749,0.95849,0.5,CLOSURE,1,FRC4,0.6,,1,0.8116979999999999
5520,TTR37755801076092002,False,5.120023554067949,0.95733,0.5,CLOSURE,1,FRC4,0.6,,1,0.8114659999999999
8223,TTR37761572148012001,False,5.137724644920739,0.95719,0.5,CLOSURE,1,FRC4,0.6,,1,0.811438
961,TTR37793311264012002,False,5.627306532813782,0.95311,0.5,CLOSURE,1,FRC4,0.6,,1,0.8106220000000001
563,TTR37793311332012002,False,5.744864353651873,0.95213,0.5,CLOSURE,1,FRC4,0.6,,1,0.810426
6071,TTR37874102748027000,False,17.890249129205177,0.85091,0.5,CLOSURE,1,FRC3,0.7,,1,0.8101820000000001
1423,TTR37874102820027000,False,17.981159721037724,0.85016,0.5,CLOSURE,1,FRC3,0.7,,1,0.810032
502,TTR37830821832020000,False,6.216799030793443,0.94819,0.5,CLOSURE,1,FRC4,0.6,,1,0.809638
422,TTR37862561876012000,False,7.094788163108893,0.94088,0.5,CLOSURE,1,FRC4,0.6,,1,0.8081759999999999
5251,TTR37862561868004000,False,7.176053882854818,0.9402,0.5,CLOSURE,1,FRC4,0.6,,1,0.80804
1206,TTR37862561936012001,False,7.190610065789142,0.94008,0.5,CLOSURE,1,FRC4,0.6,,1,0.808016
1202,TTR37862561936012000,False,7.31797253689219,0.93902,0.5,CLOSURE,1,FRC4,0.6,,1,0.8078040000000001
8869,TTU37856791776011000,False,19.888065861730002,0.83427,0.5,CLOSURE,1,FRC3,0.7,,1,0.8068540000000001
9143,TTU37859677320011000,False,19.967586925548336,0.8336,0.5,CLOSURE,1,FRC3,0.7,,1,0.80672
7624,TTR37868332820028001,False,9.310645410731848,0.92241,0.5,HAZARD,1,FRC4,0.6,,1,0.804482
4746,TTR37882760056020000,False,10.246635520232312,0.91461,0.5,CLOSURE,1,FRC4,0.6,,1,0.802922
2157,TTR37888530428020000,False,12.20492965732093,0.89829,0.5,CLOSURE,1,FRC4,0.6,,1,0.7996580000000001
5168,TTR37856790532028000,False,12.273788470373974,0.89772,0.5,CLOSURE,1,FRC4,0.6,,1,0.7995439999999999
5676,TTR37888530356020001,False,12.380149343103549,0.89683,0.5,CLOSURE,1,FRC4,0.6,,1,0.799366
8737,TTR37856790460028000,False,12.517302803395728,0.89569,0.5,CLOSURE,1,FRC4,0.6,,1,0.799138
4066,TTR37902957792020000,False,12.984343007306885,0.8918,0.5,CLOSURE,1,FRC4,0.6,,1,0.7983600000000001
177,TTR37911614204052000,False,12.992252359967635,0.89173,0.5,CLOSURE,1,FRC4,0.6,,1,0.798346
5593,TTR37911614140100000,False,13.24472905767508,0.88963,0.5,CLOSURE,1,FRC4,0.6,,1,0.797926
527,TTR37917385100028000,False,13.913462022941427,0.88405,0.5,CLOSURE,1,FRC4,0.6,,1,0.79681
8363,TTL37796197152017006_3,False,1.9606011234657323,0.98366,1.0,JAM_CONDITIONAL,0.9,FRC1,0.9,379,0.2,0.7967320000000002
7332,TTR37917385172028000,False,14.35548076236809,0.88037,0.5,CLOSURE,1,FRC4,0.6,,1,0.7960740000000001
692,TTL37793311796009001,False,3.012792253303726,0.97489,1.0,JAM_UNCONDITIONAL,0.9,FRC1,0.9,300,0.2,0.7949780000000002
4049,TTL37822165860009023_2,False,3.167050265102574,0.97361,1.0,JAM_CONDITIONAL,0.9,FRC1,0.9,315,0.2,0.7947220000000002
5740,TTL37822165860009023,False,3.167050265102574,0.97361,1.0,JAM_UNCONDITIONAL,0.9,FRC1,0.9,359,0.2,0.7947220000000002
1756,TTL37822165788009026,False,3.2209755472736474,0.97316,1.0,JAM_UNCONDITIONAL,0.9,FRC1,0.9,386,0.2,0.7946320000000002
884,TTL37830822304001005,False,3.327471659182496,0.97227,1.0,JAM_UNCONDITIONAL,0.9,FRC1,0.9,324,0.2,0.7944540000000002
7830,TTL37778884600018008_2,False,3.5267176272159686,0.97061,1.0,JAM_CONDITIONAL,0.9,FRC2,0.8,506,0.3,0.794122
345,TTL37778884600018008,False,3.5267176272159686,0.97061,1.0,JAM_UNCONDITIONAL,0.9,FRC2,0.8,472,0.3,0.794122
8202,TTL37819280444017031_1,False,3.607804916765936,0.96993,1.0,JAM_CONDITIONAL,0.9,FRC1,0.9,325,0.2,0.7939860000000001
5094,TTL37761572148009005,False,4.197503340877414,0.96502,0.5,JAM_UNCONDITIONAL,0.9,FRC1,0.9,1050,0.7,0.793004
551,TTR37686550480124000,False,16.385481054960415,0.86345,0.5,CLOSURE,1,FRC4,0.6,,1,0.79269
2658,TTR37706749376020000,False,16.520738464806897,0.86233,0.5,CLOSURE,1,FRC4,0.6,,1,0.792466
7931,TTR37706749448020000,False,16.60605607343089,0.86162,0.5,CLOSURE,1,FRC4,0.6,,1,0.792324
8123,TTL37839478480012018_2,False,4.838170801657911,0.95968,0.5,JAM_CONDITIONAL,0.9,FRC1,0.9,920,0.7,0.7919360000000001
5468,TTR37799082628013000,False,5.297527017697367,0.95585,0.5,CLOSURE,1,FRC5,0.5,,1,0.79117
6399,TTR37807739116013001,False,5.402339755120714,0.95498,0.5,CLOSURE,1,FRC5,0.5,,1,0.7909959999999999
6424,TTR37937582532028000,False,17.560732962285584,0.85366,0.5,CLOSURE,1,FRC4,0.6,,1,0.790732
6198,TTR37937582604020000,False,17.573824389616597,0.85355,0.5,CLOSURE,1,FRC4,0.6,,1,0.79071
7883,TTR37767342492045000,False,6.042187168338906,0.94965,0.5,CLOSURE,1,FRC5,0.5,,1,0.7899299999999999
6043,TTR37767342420045000,False,6.539973275591461,0.9455,0.5,CLOSURE,1,FRC5,0.5,,1,0.7891
3533,TTR37799082220013001,False,6.599992229168273,0.945,0.5,CLOSURE,1,FRC5,0.5,,1,0.789
2276,TTR37649040348060000,False,18.642644318465308,0.84464,0.5,CLOSURE,1,FRC4,0.6,,1,0.788928
7547,TTR37649040564060000,False,19.169550339094446,0.84025,0.5,CLOSURE,1,FRC4,0.6,,1,0.78805
3453,TTR37813509328021000,False,7.692598307183275,0.9359,0.5,CLOSURE,1,FRC5,0.5,,1,0.7871800000000001
4252,TTR37813509256029000,False,7.884533100270873,0.9343,0.5,CLOSURE,1,FRC5,0.5,,1,0.78686
4810,TTR37801967400013002,False,8.216651310611802,0.93153,0.5,CLOSURE,1,FRC5,0.5,,1,0.7863060000000001
506,TTR37801967328013002,False,8.263236362548092,0.93114,0.5,CLOSURE,1,FRC5,0.5,,1,0.786228
1235,TTR37839478132005000,False,8.576737543498757,0.92853,0.5,CLOSURE,1,FRC5,0.5,,1,0.7857059999999999
7350,TTR37839478068029000,False,8.610052286093076,0.92825,0.5,CLOSURE,1,FRC5,0.5,,1,0.7856500000000001
4916,TTR37839478060029000,False,8.833621299132602,0.92639,0.5,CLOSURE,1,FRC5,0.5,,1,0.785278
6383,TTR37836592692021002,False,8.91162238726415,0.92574,0.5,CLOSURE,1,FRC5,0.5,,1,0.7851480000000001
2951,TTR37732717988053000,False,10.425113528854869,0.91312,0.5,CLOSURE,1,FRC5,0.5,,1,0.7826240000000001
3193,TTR37735603388069000,False,10.471508356303614,0.91274,0.5,CLOSURE,1,FRC5,0.5,,1,0.7825479999999999
5921,TTR37842363312045000,False,10.503738500176672,0.91247,0.5,CLOSURE,1,FRC5,0.5,,1,0.7824939999999999
2490,TTR37735603608013002,False,10.84574285790932,0.90962,0.5,CLOSURE,1,FRC5,0.5,,1,0.781924
7568,TTR37735603536013002,False,10.861152242365776,0.90949,0.5,CLOSURE,1,FRC5,0.5,,1,0.7818980000000001
1983,TTR37848134068037000,False,11.884384506330258,0.90096,0.5,CLOSURE,1,FRC5,0.5,,1,0.7801920000000001
6081,TTR37856790556037000,False,11.887666191029414,0.90094,0.5,CLOSURE,1,FRC5,0.5,,1,0.780188
4317,TTL37801967956009005,False,0.5786331974224513,0.99518,1.0,JAM_UNCONDITIONAL,0.9,FRC1,0.9,243,0.1,0.7790360000000001
2501,TTL37807738832011014_3,False,0.8120548611911198,0.99323,1.0,JAM_CONDITIONAL,0.9,FRC1,0.9,187,0.1,0.7786460000000002
5575,TTL37807738720033004_3,False,1.4263824747336404,0.98811,1.0,JAM_CONDITIONAL,0.9,FRC1,0.9,182,0.1,0.777622
1353,TTL37784655288033028,False,1.7002792733161352,0.98583,1.0,JAM_UNCONDITIONAL,0.9,FRC1,0.9,152,0.1,0.777166
7481,TTL37807738720033004,False,1.8596482676181372,0.9845,1.0,JAM_UNCONDITIONAL,0.9,FRC1,0.9,231,0.1,0.7769000000000001
8403,TTL37784655472009004_1,False,1.9403264327600402,0.98383,1.0,JAM_CONDITIONAL,0.9,FRC1,0.9,183,0.1,0.7767660000000001
2033,TTL37796197152017006,False,1.9606011234657323,0.98366,1.0,JAM_UNCONDITIONAL,0.9,FRC1,0.9,131,0.1,0.7767320000000002
909,TTR37894301844045001,False,13.979642584338743,0.8835,0.5,CLOSURE,1,FRC5,0.5,,1,0.7767000000000001
347,TTL37804853372009018,False,2.2352980273049528,0.98137,1.0,JAM_UNCONDITIONAL,0.9,FRC1,0.9,190,0.1,0.7762740000000001
537,TTL37825051356017006_1,False,2.8016005367935994,0.97665,1.0,JAM_CONDITIONAL,0.9,FRC1,0.9,257,0.1,0.7753300000000001
640,TTL37825051356017006,False,2.851505725784945,0.97624,1.0,JAM_UNCONDITIONAL,0.9,FRC1,0.9,205,0.1,0.7752480000000002
3371,TTL37778884564009003,False,3.0433550661352826,0.97464,1.0,JAM_UNCONDITIONAL,0.9,FRC1,0.9,122,0.1,0.7749280000000001
8013,TTL37822165824027011_1,False,3.1347676458917233,0.97388,1.0,JAM_CONDITIONAL,0.9,FRC1,0.9,82,0.1,0.7747760000000001
4048,TTL37822165860009023_1,False,3.167050265102574,0.97361,1.0,JAM_CONDITIONAL,0.9,FRC1,0.9,265,0.1,0.7747220000000001
4046,TTL37822165860009023_3,False,3.167050265102574,0.97361,1.0,JAM_CONDITIONAL,0.9,FRC1,0.9,272,0.1,0.7747220000000001
420,TTL37819280336017028,False,3.186230220443702,0.97345,1.0,JAM_UNCONDITIONAL,0.9,FRC1,0.9,126,0.1,0.7746900000000001
5738,TTR37914499116021002,False,15.240698552552418,0.87299,0.5,CLOSURE,1,FRC5,0.5,,1,0.774598
2039,TTR37914499044021002,False,15.256201633030289,0.87286,0.5,CLOSURE,1,FRC5,0.5,,1,0.7745719999999999
8201,TTL37819280444017031_2,False,3.3625555703701853,0.97198,1.0,JAM_CONDITIONAL,0.9,FRC1,0.9,138,0.1,0.7743960000000001
8266,TTL37830822304001005_1,False,3.3642272771455346,0.97196,1.0,JAM_CONDITIONAL,0.9,FRC1,0.9,176,0.1,0.7743920000000002
3566,TTL37807738640009004_1,False,3.4060575190065747,0.97162,1.0,JAM_CONDITIONAL,0.9,FRC1,0.9,235,0.1,0.774324
1069,TTL37822165896017021,False,3.601306654541252,0.96999,1.0,JAM_UNCONDITIONAL,0.9,FRC1,0.9,223,0.1,0.7739980000000002
3607,TTL37775998964019004_1,False,3.6029537706872232,0.96998,1.0,JAM_CONDITIONAL,0.9,FRC1,0.9,164,0.1,0.7739960000000001
3602,TTL37775998964019004_3,False,3.6029537706872232,0.96998,1.0,JAM_CONDITIONAL,0.9,FRC1,0.9,141,0.1,0.7739960000000001
4521,TTL37775998964019004,False,3.6029537706872232,0.96998,1.0,JAM_UNCONDITIONAL,0.9,FRC1,0.9,217,0.1,0.7739960000000001
5843,TTL37819280444017031,False,3.607804916765936,0.96993,1.0,JAM_UNCONDITIONAL,0.9,FRC1,0.9,170,0.1,0.7739860000000001
8126,TTL37784655272011001_2,False,3.6520128391117086,0.96957,1.0,JAM_CONDITIONAL,0.9,FRC1,0.9,198,0.1,0.7739140000000002
2952,TTR37784655588030001,False,4.024370443595898,0.96646,0.5,CLOSURE,1,FRC6,0.4,,1,0.773292
4907,TTR37833707748014000,False,4.214000544007324,0.96488,0.5,CLOSURE,1,FRC6,0.4,,1,0.772976
3589,TTR37836592932014000,False,4.350220395465644,0.96375,0.5,CLOSURE,1,FRC6,0.4,,1,0.77275
5805,TTR37784655524014000,False,4.3861546701521,0.96345,0.5,CLOSURE,1,FRC6,0.4,,1,0.77269
882,TTL37833707744010000,False,4.44946565398152,0.96292,0.5,JAM_UNCONDITIONAL,0.9,FRC2,0.8,1005,0.7,0.772584
2851,TTR37770228320022000,False,4.483285641363859,0.96264,0.5,CLOSURE,1,FRC6,0.4,,1,0.772528
8060,TTR37784655596014000,False,4.4857408587755065,0.96262,0.5,CLOSURE,1,FRC6,0.4,,1,0.7725240000000001
7362,TTR37827936468054002,False,4.50932953301526,0.96242,0.5,CLOSURE,1,FRC6,0.4,,1,0.7724840000000001
5456,TTR37773113792014001,False,4.617272992073015,0.96152,0.5,CLOSURE,1,FRC6,0.4,,1,0.772304
1208,TTR37842363880014001,False,4.624991885238291,0.96146,0.5,CLOSURE,1,FRC6,0.4,,1,0.7722920000000001
4065,TTR37836592956006000,False,4.624991885238291,0.96146,0.5,CLOSURE,1,FRC6,0.4,,1,0.7722920000000001
6029,TTR37764457356022000,False,4.6247976244259466,0.96146,0.5,CLOSURE,1,FRC6,0.4,,1,0.7722920000000001
8401,TTR37773113864014000,False,4.6714521038385,0.96107,0.5,CLOSURE,1,FRC6,0.4,,1,0.7722140000000001
6840,TTL37833707788011000_3,False,4.685907368723034,0.96095,0.5,JAM_CONDITIONAL,0.9,FRC1,0.9,840,0.6,0.77219
1981,TTR37842363808014001,False,4.685517099866146,0.96095,0.5,CLOSURE,1,FRC6,0.4,,1,0.77219
7431,TTR37825051116022000,False,4.718018144930764,0.96068,0.5,CLOSURE,1,FRC6,0.4,,1,0.772136
2751,TTR37839478372022000,False,4.844071132388514,0.95963,0.5,CLOSURE,1,FRC6,0.4,,1,0.771926
4678,TTR37778884572022000,False,4.974972468728916,0.95854,0.5,CLOSURE,1,FRC6,0.4,,1,0.771708
8381,TTR37813509288030000,False,4.981416298809749,0.95849,0.5,CLOSURE,1,FRC6,0.4,,1,0.771698
7375,TTR37842363860014002,False,5.133211280504756,0.95722,0.5,CLOSURE,1,FRC6,0.4,,1,0.771444
4778,TTR37845249388030000,False,5.152417152355158,0.95706,0.5,CLOSURE,1,FRC6,0.4,,1,0.7714120000000001
2080,TTR37842363932014002,False,5.197758744444116,0.95669,0.5,CLOSURE,1,FRC6,0.4,,1,0.771338
298,TTR37778884788022000,False,5.223414690276684,0.95647,0.5,CLOSURE,1,FRC6,0.4,,1,0.771294
7327,TTR37810623968014001,False,5.345193385486975,0.95546,0.5,CLOSURE,1,FRC6,0.4,,1,0.771092
5085,TTR37810623896014001,False,5.480742741937317,0.95433,0.5,CLOSURE,1,FRC6,0.4,,1,0.770866
8554,TTR37833707336014002,False,5.741224852113815,0.95216,0.5,CLOSURE,1,FRC6,0.4,,1,0.770432
2994,TTR37851020148022001,False,5.882439443737083,0.95098,0.5,CLOSURE,1,FRC6,0.4,,1,0.770196
2993,TTR37851020148022000,False,5.990286419377544,0.95008,0.5,CLOSURE,1,FRC6,0.4,,1,0.770016
7044,TTR37819280084014000,False,5.9950903192343485,0.95004,0.5,CLOSURE,1,FRC6,0.4,,1,0.770008
4074,TTR37819280156014000,False,6.04762005065951,0.9496,0.5,CLOSURE,1,FRC6,0.4,,1,0.76992
3670,TTL37799082100027001_3,False,6.132958488253369,0.94889,0.5,JAM_CONDITIONAL,0.9,FRC3,0.7,1193,0.8,0.7697780000000001
8750,TTR37799082132014000,False,6.27837548633603,0.94768,0.5,CLOSURE,1,FRC6,0.4,,1,0.769536
5112,TTR37781769740014000,False,6.536087949528782,0.94553,0.5,CLOSURE,1,FRC6,0.4,,1,0.769106
1815,TTR37781769668014002,False,6.569138078702278,0.94526,0.5,CLOSURE,1,FRC6,0.4,,1,0.769052
4000,TTR37738488772030000,False,8.188119398406874,0.93177,0.5,CLOSURE,1,FRC6,0.4,,1,0.7663540000000001
6568,TTR37790425832014000,False,8.960390969674872,0.92533,0.5,CLOSURE,1,FRC6,0.4,,1,0.765066
6842,TTR37845248952014000,False,9.905526138425829,0.91745,0.5,CLOSURE,1,FRC6,0.4,,1,0.76349
218,TTR37764457024038000,False,9.912675786826679,0.91739,0.5,CLOSURE,1,FRC6,0.4,,1,0.763478
6349,TTR37845248880014000,False,9.92029539004364,0.91733,0.5,CLOSURE,1,FRC6,0.4,,1,0.7634660000000001
2604,TTR37871217836022002,False,10.120033694300567,0.91567,0.5,CLOSURE,1,FRC6,0.4,,1,0.7631340000000001
6579,TTR37871217908022002,False,10.132615533275324,0.91556,0.5,CLOSURE,1,FRC6,0.4,,1,0.763112
5364,TTR37712519704038002,False,10.541948043052878,0.91215,0.5,CLOSURE,1,FRC6,0.4,,1,0.76243
458,TTR37712519632038002,False,11.185368389991096,0.90679,0.5,CLOSURE,1,FRC6,0.4,,1,0.7613580000000001
3339,TTR37851019668022000,False,11.260025860856988,0.90617,0.5,CLOSURE,1,FRC6,0.4,,1,0.7612340000000001
3117,TTR37851019684014000,False,11.263673837734867,0.90614,0.5,CLOSURE,1,FRC6,0.4,,1,0.761228
548,TTR37851019756014000,False,11.265842951923995,0.90612,0.5,CLOSURE,1,FRC6,0.4,,1,0.761224
92,TTR37879874020022000,False,11.32556269867962,0.90562,0.5,CLOSURE,1,FRC6,0.4,,1,0.761124
6877,TTR37879873948022000,False,11.420308495139853,0.90483,0.5,CLOSURE,1,FRC6,0.4,,1,0.760966
1720,TTR37848134112022000,False,11.85260530510792,0.90123,0.5,CLOSURE,1,FRC6,0.4,,1,0.7602460000000001
7305,TTR37836592488030000,False,12.044516568325715,0.89963,0.5,CLOSURE,1,FRC6,0.4,,1,0.759926
1896,TTR37856790456022000,False,12.05305735511286,0.89956,0.5,CLOSURE,1,FRC6,0.4,,1,0.759912
3565,TTR37836592452030000,False,12.277086411081845,0.89769,0.5,CLOSURE,1,FRC6,0.4,,1,0.759538
1839,TTR37900072604014000,False,12.34944011404972,0.89709,0.5,CLOSURE,1,FRC6,0.4,,1,0.759418
5084,TTR37900072532014000,False,12.384210933803045,0.8968,0.5,CLOSURE,1,FRC6,0.4,,1,0.75936
3773,TTL37807738760018015,False,0.5915420259224621,0.99507,1.0,JAM_UNCONDITIONAL,0.9,FRC2,0.8,175,0.1,0.7590140000000001
2349,TTR37822166564022000,False,12.958333404409347,0.89201,0.5,CLOSURE,1,FRC6,0.4,,1,0.758402
9441,TTU37611529528440000,False,25.300218635255977,0.78916,0.0,CLOSURE,1,FRC0,1,,1,0.7578320000000001
1381,TTL37825051328005003,False,2.3333230508185574,0.98056,1.0,JAM_UNCONDITIONAL,0.9,FRC5,0.5,563,0.4,0.7561119999999999
2105,TTL37801967792018000,False,2.4256809682889853,0.97979,1.0,JAM_UNCONDITIONAL,0.9,FRC2,0.8,177,0.1,0.7559580000000001
3375,TTL37830822244003001,False,2.6502913672108375,0.97791,1.0,JAM_UNCONDITIONAL,0.9,FRC3,0.7,343,0.2,0.755582
4429,TTR37758685900014002,False,14.728259599376829,0.87726,0.5,CLOSURE,1,FRC6,0.4,,1,0.755452
7134,TTR37758685684014002,False,14.747305382047262,0.87711,0.5,CLOSURE,1,FRC6,0.4,,1,0.755422
7242,TTL37827936752129000,False,2.773301310323276,0.97689,1.0,NONLOS_DELAY,0.8,FRC1,0.9,88,0.1,0.7553780000000001
3942,TTL37825051472041000,False,3.0692059188540295,0.97442,1.0,NONLOS_DELAY,0.8,FRC1,0.9,83,0.1,0.7548840000000001
5396,TTR37825051472081001,False,3.0692059188540295,0.97442,1.0,ROADWORKS,0.6,FRC1,0.9,441,0.3,0.7548839999999999
2600,TTL37801967964010001,False,3.117143814314712,0.97402,1.0,JAM_UNCONDITIONAL,0.9,FRC2,0.8,138,0.1,0.754804
4701,TTL37825051384026001,False,3.157473494202516,0.97369,1.0,JAM_UNCONDITIONAL,0.9,FRC2,0.8,141,0.1,0.7547380000000001
7195,TTL37781770152010043,False,3.3088206879380886,0.97243,1.0,JAM_UNCONDITIONAL,0.9,FRC2,0.8,259,0.1,0.754486
4392,TTL37781770080010004,False,3.3653031669857305,0.97196,1.0,JAM_UNCONDITIONAL,0.9,FRC2,0.8,190,0.1,0.7543920000000002
5625,TTL37781770080010004_2,False,3.3716880742948647,0.9719,1.0,JAM_CONDITIONAL,0.9,FRC2,0.8,198,0.1,0.75438
6041,TTL37773113728010007_3,False,3.9337054116005774,0.96722,1.0,JAM_CONDITIONAL,0.9,FRC2,0.8,251,0.1,0.753444
4210,TTL37758686564035000_2,False,4.317325358406225,0.96402,0.5,JAM_CONDITIONAL,0.9,FRC1,0.9,667,0.5,0.752804
6928,TTL37905843744020001_2,False,16.493145582922697,0.86256,0.5,JAM_CONDITIONAL,0.9,FRC3,0.7,1085,0.8,0.7525120000000001
6378,TTL37842363824019001_1,False,4.840906164966537,0.95966,0.5,JAM_CONDITIONAL,0.9,FRC2,0.8,894,0.6,0.751932
5949,TTR37940467892022000,False,18.27340913313716,0.84772,0.5,CLOSURE,1,FRC6,0.4,,1,0.7495440000000001
4239,TTR38035687924560000,False,31.516827033195604,0.73736,0.0,HAZARD,1,FRC0,1,,1,0.7474719999999999
863,TTL37790426048019007_1,False,1.1546398868909848,0.99038,1.0,JAM_CONDITIONAL,0.9,FRC3,0.7,180,0.1,0.7380760000000002
1106,TTL37790426048019007,False,1.232153713737685,0.98973,1.0,JAM_UNCONDITIONAL,0.9,FRC3,0.7,135,0.1,0.737946
2597,TTL37796197100011015,False,1.618536915495278,0.98651,1.0,JAM_UNCONDITIONAL,0.9,FRC3,0.7,169,0.1,0.7373020000000001
875,TTR37591332156025000,False,25.917758947469483,0.78402,0.0,CLOSURE,1,FRC1,0.9,,1,0.736804
7663,TTR37591332156017000,False,25.92580978570709,0.78395,0.0,CLOSURE,1,FRC1,0.9,,1,0.7367900000000001
8527,TTR37591332084025000,False,25.92580978570709,0.78395,0.0,CLOSURE,1,FRC1,0.9,,1,0.7367900000000001
5091,TTL37781769808035016_3,False,2.061347524635323,0.98282,1.0,JAM_CONDITIONAL,0.9,FRC3,0.7,245,0.1,0.736564
179,TTR37591332084017000,False,26.111657795325687,0.7824,0.0,CLOSURE,1,FRC1,0.9,,1,0.73648
871,TTL37827936804012001,False,2.7173058559620107,0.97736,1.0,JAM_UNCONDITIONAL,0.9,FRC4,0.6,348,0.2,0.7354720000000001
4095,TTL37793311512027001,False,2.7422363166993144,0.97715,1.0,JAM_UNCONDITIONAL,0.9,FRC3,0.7,149,0.1,0.73543
2834,TTL37787540884003000_2,False,2.826283594288621,0.97645,1.0,JAM_CONDITIONAL,0.9,FRC3,0.7,286,0.1,0.73529
6156,TTL37787540884003000,False,2.826283594288621,0.97645,1.0,JAM_UNCONDITIONAL,0.9,FRC3,0.7,185,0.1,0.73529
4023,TTL37822165824027011,False,2.8722376939233283,0.97606,1.0,JAM_UNCONDITIONAL,0.9,FRC3,0.7,185,0.1,0.735212
3583,TTL37778884604003001,False,3.113775775548889,0.97405,1.0,JAM_UNCONDITIONAL,0.9,FRC3,0.7,202,0.1,0.73481
3118,TTL37773113736011000,False,3.1652735848741607,0.97362,1.0,JAM_UNCONDITIONAL,0.9,FRC3,0.7,261,0.1,0.7347240000000002
641,TTR37599987972217002,False,27.42859483196821,0.77143,0.0,HAZARD,1,FRC1,0.9,,1,0.734286
2584,TTL37781770056006000,False,3.703842165512136,0.96913,1.0,JAM_UNCONDITIONAL,0.9,FRC3,0.7,158,0.1,0.7338260000000001
7927,TTL37770228160027010_3,False,3.742636519808287,0.96881,1.0,JAM_CONDITIONAL,0.9,FRC3,0.7,209,0.1,0.733762
5523,TTL37758686564035000,False,4.079672553863733,0.966,0.5,JAM_UNCONDITIONAL,0.9,FRC3,0.7,782,0.6,0.7332
6839,TTL37833707788011000_2,False,4.685907368723034,0.96095,0.5,JAM_CONDITIONAL,0.9,FRC1,0.9,577,0.4,0.73219
7005,TTR37848133164049001,False,28.726955493502114,0.76061,0.0,CLOSURE,1,FRC1,0.9,,1,0.7321220000000002
3985,TTL37905843852010000,False,16.767718224618427,0.86027,0.5,JAM_UNCONDITIONAL,0.9,FRC2,0.8,856,0.6,0.732054
208,TTL37767343108009003,False,6.051541849674351,0.94957,0.5,JAM_UNCONDITIONAL,0.9,FRC1,0.9,634,0.4,0.7299140000000001
754,TTL37784654972336000,False,8.652865691383198,0.92789,0.5,JAM_UNCONDITIONAL,0.9,FRC0,1,505,0.3,0.7255780000000002
434,TTL37784654972336000_3,False,9.258752354379855,0.92284,0.5,JAM_CONDITIONAL,0.9,FRC0,1,430,0.3,0.724568
6133,TTR37804853336017001,False,0.9094738419570121,0.99242,1.0,ROADWORKS,0.6,FRC1,0.9,27,0.1,0.7184840000000001
8003,TTL37810624284059000,False,0.9807599462085732,0.99183,1.0,NONLOS_DELAY,0.8,FRC3,0.7,126,0.1,0.7183660000000001
2955,TTR37804853264017001,False,1.2254876489095643,0.98979,1.0,ROADWORKS,0.6,FRC1,0.9,17,0.1,0.7179580000000001
223,TTR37796197120033000,False,1.489312271829745,0.98759,1.0,ROADWORKS,0.6,FRC1,0.9,25,0.1,0.7175180000000001
4740,TTR37799082468131001,False,1.7000400954770105,0.98583,1.0,ROADWORKS,0.6,FRC1,0.9,158,0.1,0.717166
2873,TTL37813509548004003,False,2.035539536314415,0.98304,1.0,JAM_UNCONDITIONAL,0.9,FRC4,0.6,269,0.1,0.7166080000000001
215,TTL37819280460012002,False,2.1828351639527153,0.98181,1.0,JAM_UNCONDITIONAL,0.9,FRC4,0.6,202,0.1,0.7163619999999999
5756,TTR37853904312018001,False,26.62573695737683,0.77812,0.0,CLOSURE,1,FRC2,0.8,,1,0.715624
2942,TTR37822165884025001,False,2.7658945870890723,0.97695,1.0,ROADWORKS,0.6,FRC1,0.9,47,0.1,0.71539
1887,TTR37827936752137000,False,2.773301310323276,0.97689,1.0,ROADWORKS,0.6,FRC1,0.9,162,0.1,0.7153780000000001
7619,TTR37827936824137003,False,3.2138095020689583,0.97322,1.0,ROADWORKS,0.6,FRC1,0.9,247,0.1,0.7146440000000001
1275,TTR37833707756066001,False,4.618408957452215,0.96151,0.5,ROADWORKS,0.6,FRC2,0.8,1007,0.7,0.712302
8603,TTL37842363952009022_2,False,4.73183134270594,0.96057,0.5,JAM_CONDITIONAL,0.9,FRC1,0.9,477,0.3,0.712114
8122,TTL37839478480012018_3,False,4.803866020963603,0.95997,0.5,JAM_CONDITIONAL,0.9,FRC1,0.9,468,0.3,0.7119940000000001
8318,TTR37591333596017000,False,41.2597051726209,0.65617,0.0,CLOSURE,1,FRC1,0.9,,1,0.7112340000000001
7367,TTR38041458424018000,False,29.95862564421869,0.75034,0.0,CLOSURE,1,FRC2,0.8,,1,0.7100680000000001
5521,TTR37862563356018000,False,29.97987902241447,0.75017,0.0,CLOSURE,1,FRC2,0.8,,1,0.710034
4141,TTR38041458352018000,False,30.17072841147299,0.74858,0.0,CLOSURE,1,FRC2,0.8,,1,0.709716
7339,TTL37862561864009002_2,False,8.123907337956021,0.9323,0.5,JAM_CONDITIONAL,0.9,FRC1,0.9,488,0.3,0.70646
6708,TTL37755800652000001,False,8.283126263886006,0.93097,0.5,JAM_UNCONDITIONAL,0.9,FRC0,1,310,0.2,0.7061940000000001
1012,TTL37755801432011001,False,8.508217971470318,0.9291,0.5,JAM_UNCONDITIONAL,0.9,FRC3,0.7,762,0.5,0.70582
426,TTL37784654972336000_1,False,9.258752354379855,0.92284,0.5,JAM_CONDITIONAL,0.9,FRC0,1,389,0.2,0.704568
2382,TTL37787541292001000,False,11.654854287333036,0.90288,0.5,JAM_UNCONDITIONAL,0.9,FRC1,0.9,437,0.3,0.700576
4480,TTR37799082512001000,False,0.6177654874049066,0.99485,1.0,ROADWORKS,0.6,FRC1,0.9,-100,0,0.6989700000000001
2706,TTR37807738792057000,False,0.7403117314648605,0.99383,1.0,ROADWORKS,0.6,FRC1,0.9,-100,0,0.698766
8549,TTL37799082312013000,False,0.7563015987425572,0.9937,1.0,JAM_UNCONDITIONAL,0.9,FRC5,0.5,123,0.1,0.6987400000000001
3959,TTR37807738716009002,False,0.8369667644317503,0.99303,1.0,ROADWORKS,0.6,FRC1,0.9,-100,0,0.6986060000000001
7850,TTR37796197156025000,False,2.0212665099309293,0.98316,1.0,ROADWORKS,0.6,FRC1,0.9,-100,0,0.6966320000000001
8145,TTL37787541500009000,False,14.137438106172347,0.88219,0.5,JAM_UNCONDITIONAL,0.9,FRC1,0.9,468,0.3,0.696438
8224,TTR37810624348018002,False,2.808477144110441,0.9766,1.0,ROADWORKS,0.6,FRC2,0.8,21,0.1,0.6953200000000002
3105,TTR37822165812033001,False,2.814686658288237,0.97654,1.0,ROADWORKS,0.6,FRC1,0.9,-100,0,0.695308
5961,TTR37816394892017002,False,3.4114300837986136,0.97157,1.0,ROADWORKS,0.6,FRC1,0.9,-100,0,0.6943140000000001
4433,TTL37781770052029000,False,3.4332330489794334,0.97139,1.0,JAM_UNCONDITIONAL,0.9,FRC5,0.5,127,0.1,0.694278
7288,TTL37770228128021000,False,3.4584767325435766,0.97118,1.0,JAM_UNCONDITIONAL,0.9,FRC5,0.5,181,0.1,0.6942360000000001
5156,TTL37816394760021000,False,3.6069385791278363,0.96994,1.0,JAM_UNCONDITIONAL,0.9,FRC5,0.5,233,0.1,0.693988
2999,TTL37833707716005000,False,3.7974916153528953,0.96835,1.0,JAM_UNCONDITIONAL,0.9,FRC5,0.5,153,0.1,0.69367
4895,TTR37848133336035000,False,27.811522103488894,0.76824,0.0,CLOSURE,1,FRC3,0.7,,1,0.693648
682,TTR37833707604065001,False,4.632109605355677,0.9614,0.5,ROADWORKS,0.6,FRC1,0.9,747,0.5,0.69228
1234,TTL37842363824019001,False,4.840906164966537,0.95966,0.5,JAM_UNCONDITIONAL,0.9,FRC3,0.7,578,0.4,0.6919320000000001
5846,TTL37761571984053001,False,4.888679836108249,0.95926,0.5,JAM_UNCONDITIONAL,0.9,FRC5,0.5,836,0.6,0.691852
3259,TTL37842363920020000,False,5.187183781715085,0.95677,0.5,JAM_UNCONDITIONAL,0.9,FRC4,0.6,662,0.5,0.691354
489,TTL37825051612021000,False,5.543812159271652,0.9538,0.5,JAM_UNCONDITIONAL,0.9,FRC5,0.5,795,0.6,0.69076
5110,TTL37761571936009009,False,5.710259060343156,0.95241,0.5,JAM_UNCONDITIONAL,0.9,FRC1,0.9,400,0.2,0.690482
1403,TTL37758686696025004,False,5.792122673457927,0.95173,0.5,JAM_UNCONDITIONAL,0.9,FRC0,1,257,0.1,0.690346
3757,TTL37770227880008000,False,6.205406461453516,0.94829,0.5,JAM_UNCONDITIONAL,0.9,FRC0,1,62,0.1,0.689658
307,TTL37758686796002001_1,False,6.500222006378556,0.94583,0.5,JAM_CONDITIONAL,0.9,FRC2,0.8,448,0.3,0.6891660000000001
5737,TTL37836592732008006,False,6.752914083482013,0.94373,0.5,JAM_UNCONDITIONAL,0.9,FRC0,1,25,0.1,0.688746
6420,TTL37836592732008021,False,7.156848982995791,0.94036,0.5,JAM_UNCONDITIONAL,0.9,FRC0,1,167,0.1,0.6880720000000001
8497,TTL37819280136192000,False,7.1591467584235575,0.94034,0.5,JAM_UNCONDITIONAL,0.9,FRC0,1,213,0.1,0.688068
719,TTL37741373756012027_2,False,7.469467140404201,0.93775,0.5,JAM_CONDITIONAL,0.9,FRC1,0.9,319,0.2,0.6875500000000001
4547,TTR37851020980020000,False,20.122628192583452,0.83231,0.0,CLOSURE,1,FRC4,0.6,,1,0.686462
1154,TTL37836592744056000,False,8.238604735000372,0.93134,0.5,JAM_UNCONDITIONAL,0.9,FRC0,1,244,0.1,0.686268
7575,TTR37859677468020000,False,20.29632587765331,0.83086,0.0,CLOSURE,1,FRC4,0.6,,1,0.686172
2694,TTL37868332768003005,False,8.412213076436213,0.9299,0.5,JAM_UNCONDITIONAL,0.9,FRC3,0.7,638,0.4,0.6859799999999999
5187,TTL37770227864008001,False,8.544965078791902,0.92879,0.5,JAM_UNCONDITIONAL,0.9,FRC0,1,52,0.1,0.685758
4291,TTR37963551408020000,False,20.637436408055954,0.82802,0.0,CLOSURE,1,FRC4,0.6,,1,0.6856040000000001
7013,TTR37963551336012000,False,20.706499154034113,0.82745,0.0,CLOSURE,1,FRC4,0.6,,1,0.68549
7896,TTR37631727808052000,False,20.946895621693997,0.82544,0.0,CLOSURE,1,FRC4,0.6,,1,0.685088
5455,TTL37862562100010004,False,9.216901107625844,0.92319,0.5,JAM_UNCONDITIONAL,0.9,FRC2,0.8,428,0.3,0.684638
382,TTR37631727880052000,False,21.278371945392816,0.82268,0.0,CLOSURE,1,FRC4,0.6,,1,0.684536
1390,TTL37845249736041011_3,False,9.453612383424742,0.92122,0.5,JAM_CONDITIONAL,0.9,FRC1,0.9,417,0.2,0.6842440000000001
5093,TTL37845248924016002,False,9.537174500611062,0.92052,0.5,JAM_UNCONDITIONAL,0.9,FRC0,1,29,0.1,0.684104
554,TTR37617300552028000,False,21.894844810801093,0.81754,0.0,CLOSURE,1,FRC4,0.6,,1,0.683508
593,TTR37617300500044000,False,22.185755305332858,0.81512,0.0,CLOSURE,1,FRC4,0.6,,1,0.6830240000000001
2153,TTL37799082000008000,False,10.253873833336549,0.91455,0.5,JAM_UNCONDITIONAL,0.9,FRC0,1,124,0.1,0.68291
3515,TTL37845249772019008_3,False,10.313348636244026,0.91406,0.5,JAM_CONDITIONAL,0.9,FRC1,0.9,356,0.2,0.6828120000000001
2059,TTR37810624240051001,False,0.4006519268620533,0.99666,1.0,ROADWORKS,0.6,FRC3,0.7,37,0.1,0.679332
2926,TTR37810624284059001,False,0.9807599462085732,0.99183,1.0,ROADWORKS,0.6,FRC3,0.7,126,0.1,0.678366
214,TTL37891416480018005_1,False,13.009262176789425,0.89159,0.5,JAM_CONDITIONAL,0.9,FRC2,0.8,448,0.3,0.6783180000000001
6082,TTR37721172896025000,False,61.03918970680039,0.49134,0.0,CLOSURE,1,FRC1,0.9,,1,0.6782680000000001
8643,TTR37721172928049000,False,61.0576954000567,0.49119,0.0,CLOSURE,1,FRC1,0.9,,1,0.6782380000000001
2806,TTL37790426080038000,False,1.450963869034708,0.98791,1.0,JAM_UNCONDITIONAL,0.9,FRC6,0.4,202,0.1,0.6775820000000001
5777,TTR37721172872057000,False,61.57949890468017,0.48684,0.0,CLOSURE,1,FRC1,0.9,,1,0.677368
5018,TTL37718290980003005_1,False,13.662114918806305,0.88615,0.5,JAM_CONDITIONAL,0.9,FRC3,0.7,555,0.4,0.6772300000000001
8713,TTL37911614284011000_2,False,13.776982720101138,0.88519,0.5,JAM_CONDITIONAL,0.9,FRC3,0.7,619,0.4,0.6770380000000001
5219,TTR37801967864010001,False,2.1868213033487383,0.98178,1.0,ROADWORKS,0.6,FRC2,0.8,-100,0,0.676356
1391,TTL37911614272019003_3,False,14.217152210241775,0.88152,0.5,JAM_CONDITIONAL,0.9,FRC1,0.9,394,0.2,0.6763040000000001
1079,TTR38122248432034000,False,50.62021896989701,0.57816,0.0,CLOSURE,1,FRC2,0.8,,1,0.675632
6107,TTL37778884448022000,False,2.6656084798485313,0.97779,1.0,JAM_UNCONDITIONAL,0.9,FRC6,0.4,170,0.1,0.6755580000000001
3693,TTR37853904328012000,False,26.673523173862733,0.77772,0.0,CLOSURE,1,FRC4,0.6,,1,0.675544
2669,TTR38125133976034000,False,50.69064841910262,0.57758,0.0,CLOSURE,1,FRC2,0.8,,1,0.675516
2435,TTR37822166048035002,False,2.734420782817989,0.97721,1.0,ROADWORKS,0.6,FRC3,0.7,24,0.1,0.6754420000000001
8744,TTR37853904256012000,False,26.798742113107092,0.77668,0.0,CLOSURE,1,FRC4,0.6,,1,0.675336
7963,TTR37833707584010001,False,2.8287472927672437,0.97643,1.0,ROADWORKS,0.6,FRC2,0.8,-100,0,0.675286
5405,TTR37729830380011000,False,38.86120630666503,0.67616,0.0,CLOSURE,1,FRC3,0.7,,1,0.675232
4109,TTR37729830456011000,False,38.89458411713452,0.67588,0.0,CLOSURE,1,FRC3,0.7,,1,0.675176
7217,TTL37827936732029000,False,3.0489005179951274,0.97459,1.0,JAM_UNCONDITIONAL,0.9,FRC6,0.4,152,0.1,0.6749180000000001
3791,TTR37810624420018001,False,3.2004382261950504,0.97333,1.0,ROADWORKS,0.6,FRC2,0.8,-100,0,0.674666
6365,TTL37784655236014000,False,3.2183511127353928,0.97318,1.0,JAM_UNCONDITIONAL,0.9,FRC6,0.4,152,0.1,0.6746360000000001
2170,TTL37790426388053000,False,3.3084368988746653,0.97243,1.0,NONLOS_DELAY,0.8,FRC5,0.5,105,0.1,0.6744860000000001
3537,TTR37773113740043001,False,3.363823944528816,0.97197,1.0,ROADWORKS,0.6,FRC3,0.7,212,0.1,0.6743939999999999
691,TTR37856789076043000,False,39.44068313145299,0.67133,0.0,CLOSURE,1,FRC3,0.7,,1,0.674266
5712,TTR38185727232057000,False,63.6213787766242,0.46982,0.0,CLOSURE,1,FRC1,0.9,,1,0.673964
2225,TTR38188612632057001,False,63.6808061792577,0.46933,0.0,CLOSURE,1,FRC1,0.9,,1,0.6738660000000001
4947,TTL37784655552021001,False,3.7385346442256524,0.96885,1.0,NONLOS_DELAY,0.8,FRC5,0.5,61,0.1,0.67377
4494,TTR37853903532019000,False,39.809177181727264,0.66826,0.0,CLOSURE,1,FRC3,0.7,,1,0.6736519999999999
1562,TTL37804853548010002,False,4.19393663476324,0.96505,0.5,JAM_UNCONDITIONAL,0.9,FRC2,0.8,328,0.2,0.6730100000000001
7880,TTL37905843744020001,False,16.493145582922697,0.86256,0.5,JAM_UNCONDITIONAL,0.9,FRC4,0.6,694,0.5,0.672512
5590,TTL37833707788011000,False,4.564328174394621,0.96196,0.5,JAM_UNCONDITIONAL,0.9,FRC3,0.7,487,0.3,0.672392
1666,TTL37822165960009006,False,4.5951286069285535,0.96171,0.5,JAM_UNCONDITIONAL,0.9,FRC1,0.9,263,0.1,0.6723420000000001
661,TTL37833707748001005,False,4.605131855897598,0.96162,0.5,JAM_UNCONDITIONAL,0.9,FRC1,0.9,136,0.1,0.672324
7049,TTL37833707676009001_3,False,4.669254826033004,0.96109,0.5,JAM_CONDITIONAL,0.9,FRC1,0.9,270,0.1,0.6722180000000001
4029,TTL37842363952009008,False,4.709183816211313,0.96076,0.5,JAM_UNCONDITIONAL,0.9,FRC1,0.9,65,0.1,0.6721520000000001
4262,TTL37842363952009022,False,4.73183134270594,0.96057,0.5,JAM_UNCONDITIONAL,0.9,FRC1,0.9,106,0.1,0.6721140000000001
588,TTL37842363720009003,False,5.327502936381258,0.9556,0.5,JAM_UNCONDITIONAL,0.9,FRC1,0.9,211,0.1,0.67112
8291,TTL37790425836033007,False,5.785536885356378,0.95179,0.5,JAM_UNCONDITIONAL,0.9,FRC1,0.9,202,0.1,0.6703580000000001
5350,TTL37842363760017004_1,False,6.200438066407686,0.94833,0.5,JAM_CONDITIONAL,0.9,FRC1,0.9,209,0.1,0.6696660000000001
5916,TTW37770227880008000,False,6.205406461453516,0.94829,0.5,JAM_TAIL_WARNING,0.9,FRC0,1,-100,0,0.669658
4885,TTL37862561872002003,False,6.475999988160864,0.94603,0.5,JAM_UNCONDITIONAL,0.9,FRC2,0.8,311,0.2,0.6692060000000001
1942,TTL37799082100027004_3,False,6.52817156704292,0.9456,0.5,JAM_CONDITIONAL,0.9,FRC2,0.8,302,0.2,0.66912
3320,TTL37715404440075000_1,False,18.538024433736123,0.84552,0.5,JAM_CONDITIONAL,0.9,FRC2,0.8,472,0.3,0.669104
5938,TTL37752915664017015,False,6.636354473989408,0.9447,0.5,JAM_UNCONDITIONAL,0.9,FRC1,0.9,175,0.1,0.6689400000000001
3848,TTL37729832488488000,False,6.752892266438372,0.94373,0.5,NONLOS_DELAY,0.8,FRC0,1,76,0.1,0.668746
3225,TTW37836592732008006,False,6.752914083482013,0.94373,0.5,JAM_TAIL_WARNING,0.9,FRC0,1,-100,0,0.668746
1503,TTL37755801364003004,False,6.918711243732782,0.94234,0.5,JAM_UNCONDITIONAL,0.9,FRC3,0.7,512,0.3,0.668468
